index,leiden
AAACATACAACCAC-1,0
AAACATTGAGCTAC-1,2
AAACATTGATCAGC-1,0
AAACCGTGCTTCCG-1,4
AAACCGTGTATGCG-1,5
AAACGCACTGGTAC-1,0
AAACGCTGACCAGT-1,3
AAACGCTGGTTCTT-1,3
AAACGCTGTAGCCA-1,3
AAACGCTGTTTCTG-1,4
AAACTTGAAAAACG-1,2
AAACTTGATCCAGA-1,0
AAAGAGACGAGATA-1,0
AAAGAGACGCGAGA-1,1
AAAGAGACGGACTT-1,3
AAAGAGACGGCATT-1,6
AAAGATCTGGGCAA-1,1
AAAGCAGAAGCCAT-1,3
AAAGCAGATATCGG-1,1
AAAGCCTGTATGCG-1,0
AAAGGCCTGTCTAG-1,2
AAAGTTTGATCACG-1,2
AAAGTTTGGGGTGA-1,2
AAAGTTTGTAGAGA-1,6
AAAGTTTGTAGCGT-1,1
AAATCAACAATGCC-1,2
AAATCAACACCAGT-1,0
AAATCAACCAGGAG-1,0
AAATCAACCCTATT-1,4
AAATCAACGGAAGC-1,0
AAATCAACTCGCAA-1,0
AAATCATGACCACA-1,4
AAATCCCTCCACAA-1,3
AAATCCCTGCTATG-1,2
AAATGTTGAACGAA-1,1
AAATGTTGCCACAA-1,0
AAATGTTGTGGCAT-1,1
AAATTCGAAGGTTC-1,0
AAATTCGAATCACG-1,1
AAATTCGAGCTGAT-1,4
AAATTCGAGGAGTG-1,0
AAATTCGATTCTCA-1,5
AAATTGACACGACT-1,3
AAATTGACTCGCTC-1,0
AACAAACTCATTTC-1,0
AACAAACTTTCGTT-1,0
AACAATACGACGAG-1,0
AACACGTGCAGAGG-1,0
AACACGTGGAAAGT-1,0
AACACGTGGAACCT-1,1
AACACGTGGCTACA-1,3
AACACGTGTACGAC-1,4
AACAGCACAAGAGT-1,1
AACATTGATGGGAG-1,4
AACCAGTGATACCG-1,4
AACCCAGATCGCTC-1,0
AACCGATGCTCCCA-1,0
AACCGATGGTCATG-1,2
AACCGATGTTCTAC-1,1
AACCGCCTAGCGTT-1,0
AACCGCCTCTACGA-1,1
AACCTACTGTGAGG-1,1
AACCTACTGTGTTG-1,0
AACCTTACGAGACG-1,0
AACCTTACGCGAGA-1,5
AACCTTACTAACGC-1,4
AACCTTTGGACGGA-1,0
AACCTTTGTACGCA-1,4
AACGCAACAAGTAG-1,0
AACGCATGACCCAA-1,0
AACGCATGCCTTCG-1,0
AACGCATGTACTTC-1,0
AACGCCCTCGGGAA-1,0
AACGCCCTCGTACA-1,5
AACGCCCTGCTTAG-1,2
AACGCCCTGGCATT-1,0
AACGTCGAGTATCG-1,5
AACGTGTGAAAGCA-1,0
AACGTGTGGCGGAA-1,2
AACGTGTGTCCAAG-1,0
AACGTGTGTGCTTT-1,0
AACTACCTTAGAGA-1,0
AACTCACTCAAGCT-1,1
AACTCACTTGGAGG-1,1
AACTCGGAAAGTGA-1,3
AACTCGGAAGGTCT-1,1
AACTCTTGCAGGAG-1,0
AACTGTCTCCCTTG-1,1
AACTTGCTACGCTA-1,2
AACTTGCTGGGACA-1,0
AAGAACGAGTGTTG-1,6
AAGAAGACGTAGGG-1,2
AAGACAGAAGTCTG-1,2
AAGACAGAGGATCT-1,0
AAGACAGATTACCT-1,1
AAGAGATGGGTAGG-1,2
AAGATGGAAAACAG-1,2
AAGATGGAGAACTC-1,1
AAGATGGAGATAAG-1,1
AAGATTACAACCTG-1,0
AAGATTACAGATCC-1,1
AAGATTACCCGTTC-1,1
AAGATTACCGCCTT-1,7
AAGATTACCTCAAG-1,5
AAGATTACTCCTCG-1,1
AAGCAAGAGCGAGA-1,0
AAGCAAGAGCTTAG-1,3
AAGCAAGAGGTGTT-1,5
AAGCACTGAGCAAA-1,2
AAGCACTGCATACG-1,3
AAGCACTGGTTCTT-1,2
AAGCCAACGTGTTG-1,0
AAGCCATGAACTGC-1,7
AAGCCATGACACGT-1,1
AAGCCATGCGTGAT-1,0
AAGCCATGTCTCGC-1,3
AAGCCTGACATGCA-1,0
AAGCCTGACCGAAT-1,1
AAGCGACTCCTCAC-1,4
AAGCGACTGTGTCA-1,0
AAGCGACTTACAGC-1,2
AAGCGACTTTGACG-1,4
AAGCGTACGTCTTT-1,0
AAGGCTTGCGAACT-1,3
AAGGTCACGGTTAC-1,1
AAGGTCACTGTTTC-1,2
AAGGTCACTTCCCG-1,3
AAGGTCTGACAGTC-1,0
AAGGTCTGCAGATC-1,6
AAGGTCTGGTATGC-1,1
AAGTAACTCTGAAC-1,1
AAGTAACTGAGATA-1,2
AAGTAGGATACAGC-1,5
AAGTATACCGAACT-1,0
AAGTCCGACTTGTT-1,0
AAGTCCGATAGAAG-1,0
AAGTCTCTAGTCGT-1,0
AAGTCTCTCGGAGA-1,3
AAGTGGCTTGGAGG-1,2
AAGTTCCTCATTCT-1,4
AAGTTCCTTCTTAC-1,0
AATAAGCTCGAATC-1,0
AATAAGCTCGTTGA-1,0
AATACCCTGGACGA-1,2
AATACCCTGGCATT-1,0
AATACTGAAAGGGC-1,3
AATACTGAATTGGC-1,5
AATAGGGAACCCTC-1,2
AATAGGGAGAATGA-1,3
AATCAAACTATCGG-1,3
AATCCGGAATGCTG-1,2
AATCCTACCGGTAT-1,0
AATCCTTGACGGGA-1,1
AATCCTTGGTGAGG-1,5
AATCGGTGGAACTC-1,3
AATCGGTGTGCTTT-1,0
AATCTAGAAAAGTG-1,0
AATCTAGAATCGGT-1,0
AATCTCACAGCCTA-1,1
AATCTCACTCTAGG-1,0
AATCTCTGAACAGA-1,0
AATCTCTGCTTTAC-1,5
AATGATACACCAAC-1,3
AATGATACGGTCAT-1,1
AATGCGTGACACCA-1,2
AATGCGTGGACGGA-1,7
AATGCGTGGCTATG-1,2
AATGGAGAATCGTG-1,1
AATGGAGATCCTTA-1,3
AATGGCTGACACCA-1,2
AATGGCTGCGTGAT-1,3
AATGGCTGTAAAGG-1,3
AATGGCTGTACTCT-1,3
AATGGCTGTGAAGA-1,0
AATGTAACGGTGGA-1,0
AATGTAACGTTTGG-1,3
AATGTCCTCTTCTA-1,0
AATGTTGACAGTCA-1,0
AATGTTGAGTTGAC-1,1
AATGTTGATCTACT-1,0
AATTACGAATTCCT-1,7
AATTACGACTTCTA-1,0
AATTACGAGTAGCT-1,3
AATTACGAGTGAGG-1,0
AATTACGATTGGCA-1,2
AATTCCTGCTCAGA-1,2
AATTGATGTCGCAA-1,4
AATTGTGACTTGGA-1,2
ACAAAGGAGGGTGA-1,0
ACAAATTGATTCTC-1,4
ACAAATTGCTCAGA-1,1
ACAAATTGTTGCGA-1,5
ACAACCGAGGGATG-1,5
ACAACCGAGTTACG-1,0
ACAAGAGAAGTCGT-1,1
ACAAGAGACTTATC-1,6
ACAAGAGAGTTGAC-1,2
ACAATCCTAACCGT-1,0
ACAATCCTTAGCGT-1,2
ACAATTGACTGACA-1,3
ACAATTGATGACTG-1,5
ACACAGACACCTGA-1,1
ACACAGACCATACG-1,3
ACACCAGAGGGCAA-1,0
ACACCCTGGTGTTG-1,5
ACACGAACAGTTCG-1,0
ACACGATGACGCAT-1,3
ACACGATGATGTGC-1,1
ACACGATGTCGTAG-1,3
ACACGATGTGGTCA-1,3
ACAGACACGGCATT-1,0
ACAGACACGTTGTG-1,0
ACAGCAACACCTAG-1,1
ACAGCAACCTCAAG-1,4
ACAGGTACCCCACT-1,0
ACAGGTACGCTGTA-1,3
ACAGGTACTGGTGT-1,5
ACAGTCGACCCAAA-1,0
ACAGTCGACCGATA-1,3
ACAGTGACTCACCC-1,3
ACAGTGACTCTATC-1,3
ACAGTGTGGTCACA-1,0
ACAGTGTGTTGCGA-1,1
ACATCACTCTACTT-1,1
ACATGGTGAAGCCT-1,0
ACATGGTGCAACCA-1,2
ACATGGTGCGAGTT-1,0
ACATGGTGCGTTGA-1,3
ACATTCTGGCATAC-1,0
ACATTCTGGGAACG-1,1
ACCAACGACATGCA-1,0
ACCACAGAAAGTAG-1,0
ACCACAGAGTTGGT-1,0
ACCACCTGTGTGCA-1,0
ACCACGCTACAGCT-1,0
ACCACGCTACCCAA-1,3
ACCACGCTGCGAGA-1,0
ACCACGCTGCTGTA-1,0
ACCAGCCTGACAGG-1,0
ACCAGTGAACGGTT-1,2
ACCAGTGAATACCG-1,4
ACCAGTGAGGGATG-1,0
ACCAGTGATGACTG-1,1
ACCATTACCTTCTA-1,0
ACCATTACGAGATA-1,0
ACCATTTGTCATTC-1,0
ACCCAAGAACTGTG-1,3
ACCCAAGAATTCCT-1,4
ACCCAAGAGGACAG-1,0
ACCCAAGATTCACT-1,2
ACCCACTGCGCCTT-1,1
ACCCACTGGACAGG-1,6
ACCCACTGGTTCAG-1,8
ACCCACTGTCGTAG-1,1
ACCCAGCTCAGAAA-1,0
ACCCAGCTGTTAGC-1,1
ACCCAGCTTGCTTT-1,0
ACCCGTTGATGACC-1,2
ACCCGTTGCTGCAA-1,0
ACCCGTTGCTTCTA-1,7
ACCCTCGACCTATT-1,0
ACCCTCGACGGTAT-1,2
ACCCTCGATAAGGA-1,1
ACCCTCGATCAAGC-1,1
ACCGTGCTACCAGT-1,0
ACCGTGCTGGAACG-1,2
ACCTATTGCTGAGT-1,2
ACCTATTGTGCCCT-1,4
ACCTCCGAGTCCTC-1,0
ACCTCCGATATGCG-1,0
ACCTCCGATGCTGA-1,6
ACCTCGTGAACCAC-1,3
ACCTGAGATATCGG-1,8
ACCTGGCTAAGTAG-1,5
ACCTGGCTGTCTTT-1,1
ACCTTTGACTCCCA-1,1
ACCTTTGAGGAACG-1,1
ACCTTTGAGGAAGC-1,4
ACGAACACCTTGTT-1,3
ACGAACTGGCTATG-1,8
ACGAAGCTCTCCAC-1,6
ACGAAGCTCTGAGT-1,2
ACGACCCTATCTCT-1,4
ACGACCCTGATGAA-1,3
ACGACCCTTGACAC-1,2
ACGACCCTTGACCA-1,0
ACGAGGGACAGGAG-1,7
ACGAGGGACGAACT-1,0
ACGAGGGATGTAGC-1,0
ACGAGTACCCTAAG-1,2
ACGAGTACGAATCC-1,2
ACGATCGAGGACTT-1,5
ACGATCGAGTCACA-1,1
ACGATGACAATGCC-1,0
ACGATGACTGGTCA-1,0
ACGATTCTACGGGA-1,3
ACGCAATGGTTCAG-1,5
ACGCACCTGTTAGC-1,2
ACGCCACTGAACTC-1,1
ACGCCGGAAACCAC-1,1
ACGCCGGAAAGCCT-1,0
ACGCCGGAAATGCC-1,0
ACGCCTTGCTCCCA-1,4
ACGCGGTGGCGAGA-1,0
ACGCGGTGTGTGGT-1,2
ACGCGGTGTTTGCT-1,3
ACGCTCACAGTACC-1,0
ACGCTCACCCTTGC-1,0
ACGCTGCTGTTCTT-1,5
ACGGAACTCAGATC-1,5
ACGGAACTGTCGTA-1,4
ACGGAGGACTCTTA-1,1
ACGGATTGGGAGGT-1,2
ACGGATTGGTTAGC-1,0
ACGGCTCTGAGCAG-1,0
ACGGCTCTTGCACA-1,0
ACGGTAACCGCTAA-1,0
ACGGTAACCTTCGC-1,3
ACGGTAACGGTGGA-1,6
ACGGTAACTCGCAA-1,3
ACGGTATGAGTCGT-1,1
ACGGTATGGGTATC-1,2
ACGGTATGGTTGTG-1,2
ACGGTCCTAACGGG-1,0
ACGGTCCTCGGGAA-1,0
ACGTAGACAACCAC-1,0
ACGTAGACTACAGC-1,2
ACGTCAGAAACGAA-1,0
ACGTCAGAGAGCTT-1,1
ACGTCAGAGGGATG-1,0
ACGTCCTGATAAGG-1,1
ACGTCCTGTGAACC-1,1
ACGTCGCTCCTGAA-1,9
ACGTCGCTCTATTC-1,1
ACGTCGCTTCTCAT-1,2
ACGTGATGCCATGA-1,7
ACGTGATGGGTCTA-1,0
ACGTGATGTAACCG-1,4
ACGTGATGTGACAC-1,5
ACGTGCCTCCGTAA-1,0
ACGTGCCTTCTATC-1,3
ACGTTACTTTCCAT-1,0
ACGTTGGAAAAGCA-1,0
ACGTTGGAAACCTG-1,3
ACGTTGGACCGTAA-1,1
ACGTTGGAGCCAAT-1,5
ACGTTGGATATGGC-1,2
ACGTTGGATCAGGT-1,1
ACGTTTACATCAGC-1,0
ACTAAAACCCACAA-1,0
ACTAAAACTCGACA-1,1
ACTACGGAATTTCC-1,0
ACTACGGACCTATT-1,0
ACTACGGATCGCTC-1,0
ACTACTACTAAGGA-1,0
ACTAGGTGGAACCT-1,3
ACTAGGTGGAACTC-1,0
ACTATCACCTTGGA-1,3
ACTATCACTGCCAA-1,0
ACTCAGGACTGAAC-1,0
ACTCAGGATCTATC-1,2
ACTCAGGATTCGTT-1,1
ACTCCTCTCAACTG-1,0
ACTCGCACGAAAGT-1,1
ACTCGCACTACGAC-1,1
ACTCTCCTGACACT-1,6
ACTCTCCTGCATAC-1,0
ACTCTCCTGTTTGG-1,0
ACTGAGACAACCAC-1,3
ACTGAGACCCATAG-1,4
ACTGAGACGTTGGT-1,2
ACTGCCACACACGT-1,0
ACTGCCACTCCGTC-1,5
ACTGGCCTTCAGTG-1,5
ACTGTGGACGTGTA-1,3
ACTGTGGATCTAGG-1,2
ACTGTTACCCACAA-1,1
ACTGTTACTGCAGT-1,0
ACTTAAGAACCACA-1,0
ACTTAAGACCACAA-1,0
ACTTAAGATTACTC-1,7
ACTTAGCTGCGTAT-1,4
ACTTAGCTGGGAGT-1,0
ACTTCAACAAGCAA-1,9
ACTTCAACGTAGGG-1,5
ACTTCCCTTTCCGC-1,0
ACTTCTGACATGCA-1,2
ACTTGACTCCACAA-1,2
ACTTGGGAGAAAGT-1,1
ACTTGGGAGGTTTG-1,0
ACTTGGGATGTGAC-1,1
ACTTGGGATTGACG-1,1
ACTTGTACCCGAAT-1,0
ACTTGTACCTGTCC-1,0
ACTTTGTGCGATAC-1,6
ACTTTGTGGAAAGT-1,0
ACTTTGTGGATAGA-1,1
AGAAACGAAAGTAG-1,2
AGAAAGTGCGCAAT-1,0
AGAAAGTGGGGATG-1,1
AGAACAGAAATGCC-1,5
AGAACAGACGACTA-1,2
AGAACAGAGACAAA-1,0
AGAACGCTTTGCTT-1,0
AGAAGATGTGACTG-1,0
AGAATGGAAGAAGT-1,3
AGAATTTGTAACCG-1,0
AGAATTTGTAGAGA-1,0
AGACACACTGTAGC-1,0
AGACACTGTCAAGC-1,1
AGACCTGAAGTAGA-1,1
AGACCTGACCAACA-1,0
AGACCTGAGGAAGC-1,3
AGACGTACAGAGGC-1,0
AGACGTACCCCTAC-1,2
AGACGTACCTCTTA-1,1
AGACGTACTCGTGA-1,4
AGACTGACCATCAG-1,3
AGACTGACCCTTTA-1,0
AGACTTCTCATGCA-1,2
AGAGATGACAGTCA-1,2
AGAGATGACTGAAC-1,0
AGAGATGAGGTTTG-1,1
AGAGATGATCTCGC-1,2
AGAGATGATTGTGG-1,0
AGAGCGGAGGCAAG-1,1
AGAGGTCTACAGCT-1,9
AGAGTCTGGTCGTA-1,4
AGAGTGCTCAGCTA-1,0
AGAGTGCTCGAATC-1,0
AGAGTGCTGTCATG-1,0
AGAGTGCTGTCCTC-1,3
AGAGTGCTGTGTTG-1,2
AGATATACCCGTAA-1,5
AGATATACGATGAA-1,0
AGATATACTGTTCT-1,2
AGATATTGCCTACC-1,3
AGATATTGGCCAAT-1,1
AGATCGTGTCTGGA-1,1
AGATCGTGTTTGTC-1,2
AGATCTCTATCACG-1,2
AGATTAACGTTCTT-1,4
AGATTCCTATCGTG-1,0
AGATTCCTCACTTT-1,1
AGATTCCTGACGAG-1,1
AGATTCCTGTTCAG-1,5
AGCAAAGATATGCG-1,0
AGCACAACAGTCTG-1,0
AGCACTGAGGGAGT-1,0
AGCACTGATATGCG-1,0
AGCACTGATGCTTT-1,7
AGCACTGATTGCGA-1,0
AGCATCGAAGATCC-1,0
AGCATCGAAGGGTG-1,2
AGCATCGAGCTTCC-1,1
AGCATCGAGTGAGG-1,0
AGCATCGATAACCG-1,1
AGCATGACGATGAA-1,3
AGCCAATGGGGAGT-1,4
AGCCAATGTATCTC-1,0
AGCCACCTGGATCT-1,3
AGCCGGTGCCAATG-1,0
AGCCGGTGTGTTTC-1,0
AGCCGTCTCAATCG-1,0
AGCCGTCTGAGAGC-1,0
AGCCTCACGTTCGA-1,0
AGCCTCACTGTCAG-1,4
AGCCTCTGCAGTTG-1,2
AGCCTCTGCCAATG-1,5
AGCGAACTGGATCT-1,0
AGCGAACTTACTGG-1,0
AGCGATACGGAGCA-1,0
AGCGATTGAGATCC-1,5
AGCGCCGAATCTCT-1,0
AGCGCCGACAGAGG-1,0
AGCGCTCTACCTTT-1,0
AGCGGCACCGGGAA-1,0
AGCGGCTGATGTGC-1,0
AGCGGGCTTGCCAA-1,0
AGCGTAACATGCTG-1,0
AGCGTAACTGAGAA-1,1
AGCTCGCTACTGGT-1,0
AGCTCGCTCTGCTC-1,0
AGCTGAACCATACG-1,4
AGCTGAACCTCTCG-1,0
AGCTGCCTTGGGAG-1,1
AGCTGCCTTTCATC-1,0
AGCTGCCTTTCTGT-1,0
AGCTGTGATCCAAG-1,0
AGCTTTACAAGTAG-1,0
AGCTTTACACCAAC-1,3
AGCTTTACTCTCAT-1,2
AGGAAATGAGGAGC-1,0
AGGAACCTCTTAGG-1,4
AGGAACCTTGCCTC-1,3
AGGAATGATAACGC-1,0
AGGAATGATTTGTC-1,0
AGGAGTCTGGTTTG-1,0
AGGAGTCTTGTCAG-1,0
AGGATAGACATTTC-1,0
AGGATAGAGGATTC-1,3
AGGATGCTACTAGC-1,2
AGGATGCTTTAGGC-1,5
AGGCAACTGAAGGC-1,3
AGGCAGGAGTACCA-1,3
AGGCCTCTAGTCGT-1,0
AGGCCTCTCGGAGA-1,0
AGGCCTCTCGTAAC-1,0
AGGGACGACGTTGA-1,0
AGGGACGAGTCAAC-1,5
AGGGACGAGTTGTG-1,0
AGGGACGATAGAGA-1,3
AGGGACGATGCATG-1,3
AGGGAGTGAGCCTA-1,0
AGGGCCACCATACG-1,0
AGGGCGCTAACCAC-1,1
AGGGCGCTATGGTC-1,3
AGGGTGGACAGTCA-1,2
AGGGTGGACTCAAG-1,1
AGGGTGGAGTTGCA-1,3
AGGGTTTGTTCATC-1,1
AGGTCATGAGTGTC-1,2
AGGTCATGCTTATC-1,3
AGGTCTGATTCTCA-1,4
AGGTGGGAAGAATG-1,0
AGGTGGGAAGTTCG-1,0
AGGTGTTGGTTACG-1,2
AGGTTCGAACCTCC-1,1
AGGTTCGAACGTAC-1,1
AGGTTCGAGGGTGA-1,0
AGTAAGGAGTTTGG-1,0
AGTAAGGATTCTTG-1,0
AGTAATACATCACG-1,5
AGTAATACCGAACT-1,2
AGTAATTGTCCCAC-1,0
AGTACGTGAGGGTG-1,0
AGTACGTGCTGCAA-1,0
AGTACGTGCTTGGA-1,0
AGTACTCTACGTGT-1,2
AGTACTCTCAACCA-1,3
AGTACTCTCGGTAT-1,0
AGTAGGCTTGCCTC-1,4
AGTATAACTTGTCT-1,4
AGTATCCTAGAACA-1,0
AGTCACGATGAGCT-1,5
AGTCAGACGAATAG-1,0
AGTCAGACGCTTAG-1,0
AGTCAGACTAGAGA-1,3
AGTCAGACTGCACA-1,0
AGTCCAGATATCTC-1,0
AGTCCAGATTTCAC-1,0
AGTCGAACCAACCA-1,0
AGTCGCCTCCGTAA-1,0
AGTCTACTAGGGTG-1,1
AGTCTACTTGCATG-1,4
AGTCTTACACCACA-1,0
AGTCTTACTTCGCC-1,3
AGTCTTACTTCGGA-1,8
AGTGACTGCAACTG-1,4
AGTGTTCTAACCTG-1,0
AGTGTTCTATAAGG-1,0
AGTGTTCTCACTTT-1,1
AGTTAAACCACTTT-1,0
AGTTATGAACAGTC-1,1
AGTTATGACTGAGT-1,0
AGTTATGAGTTCAG-1,0
AGTTCTACCAGCTA-1,1
AGTTCTTGAAGCCT-1,3
AGTTGTCTACTACG-1,0
AGTTTAGATGGTCA-1,0
AGTTTCACGGTCTA-1,3
AGTTTGCTACAGTC-1,0
AGTTTGCTACTGGT-1,5
AGTTTGCTCCAAGT-1,0
ATAAACACAGTGCT-1,2
ATAAACACCACCAA-1,0
ATAACAACATGCTG-1,1
ATAACAACGTCTAG-1,0
ATAACAACTTTGTC-1,0
ATAACATGTACTCT-1,0
ATAACCCTGTTGGT-1,0
ATAACCCTTGGTAC-1,0
ATAAGTACGAATGA-1,2
ATAAGTTGGTACGT-1,4
ATAAGTTGTCTAGG-1,0
ATAATCGAGCTGAT-1,2
ATAATCGATGGTTG-1,0
ATAATGACCTACTT-1,0
ATAATGACTCGTGA-1,1
ATACAATGTTAGGC-1,0
ATACCACTCGTACA-1,1
ATACCACTCTAAGC-1,7
ATACCACTGCCAAT-1,5
ATACCGGAATGCTG-1,7
ATACCGGACATTTC-1,1
ATACCGGACTTCGC-1,0
ATACCGGAGGTGTT-1,1
ATACCGGATCTCGC-1,0
ATACCTACGCATCA-1,0
ATACCTTGGGGCAA-1,0
ATACGGACAGACTC-1,1
ATACGGACCTACTT-1,1
ATACGGACGAGGTG-1,2
ATACGGACTATGCG-1,2
ATACGGACTCTGGA-1,1
ATACGTCTTAACGC-1,1
ATACTCTGCTTCGC-1,1
ATACTCTGGTATGC-1,5
ATAGATACCATGGT-1,0
ATAGATACGACGAG-1,0
ATAGATTGGTGTAC-1,2
ATAGCCGAACGGAG-1,0
ATAGCGTGCAGATC-1,0
ATAGCGTGCCCTTG-1,1
ATAGCGTGGTATCG-1,1
ATAGCGTGTCTCTA-1,0
ATAGCTCTCTGATG-1,0
ATAGCTCTGAGGTG-1,0
ATAGGAGAAACAGA-1,4
ATAGGCTGTCAGAC-1,0
ATAGTCCTAGTGTC-1,1
ATAGTCCTTGCATG-1,3
ATAGTCCTTGTCGA-1,0
ATAGTTGACAACTG-1,0
ATAGTTGACCCTCA-1,4
ATAGTTGAGACGTT-1,0
ATAGTTGATAAGCC-1,0
ATATACGAAGCCAT-1,0
ATATACGAATTGGC-1,0
ATATAGTGGAATGA-1,1
ATATGCCTAGATCC-1,1
ATATGCCTGGACAG-1,0
ATATGCCTTCTCTA-1,0
ATATGCCTTGGTAC-1,0
ATCAAATGAGCCTA-1,1
ATCAAATGGGTAAA-1,4
ATCAACCTAAACGA-1,0
ATCAACCTGAGGAC-1,0
ATCAACCTTCTCTA-1,3
ATCAACCTTTGTCT-1,3
ATCACACTTTGTCT-1,0
ATCACGGATTGCTT-1,1
ATCACGGATTTCGT-1,2
ATCATCTGACACCA-1,8
ATCATGCTAGAGTA-1,3
ATCATGCTGAACCT-1,2
ATCCAGGACGCTAA-1,4
ATCCAGGATGGAAA-1,0
ATCCATACTCCTTA-1,1
ATCCATACTTCATC-1,4
ATCCCGTGCAGTCA-1,5
ATCCCGTGCATGCA-1,2
ATCCCGTGGCTGAT-1,2
ATCCGCACGCATCA-1,2
ATCCTAACGACGGA-1,2
ATCCTAACGCTACA-1,3
ATCGACGAAACTGC-1,1
ATCGACGAATGACC-1,0
ATCGAGTGGACGTT-1,3
ATCGCAGAATCTCT-1,4
ATCGCAGAGTGTCA-1,2
ATCGCCACTGAGGG-1,3
ATCGCCTGGGTCAT-1,0
ATCGCCTGTGGCAT-1,2
ATCGCGCTCAGAGG-1,1
ATCGCGCTGGGATG-1,0
ATCGCGCTTTTCGT-1,2
ATCGGAACCAGTCA-1,0
ATCGGTGAGTCAAC-1,0
ATCGGTGATTGCAG-1,0
ATCGTTTGCCTACC-1,1
ATCGTTTGGGTACT-1,1
ATCGTTTGTGCCAA-1,1
ATCTACACCCGCTT-1,1
ATCTACACCGGGAA-1,0
ATCTCAACAGGAGC-1,2
ATCTCAACCTCGAA-1,6
ATCTCAACCTTGTT-1,1
ATCTGGGAAACCAC-1,1
ATCTGGGAAGTGTC-1,1
ATCTGGGATTCCGC-1,3
ATCTGTTGAACGGG-1,0
ATCTGTTGACCTCC-1,0
ATCTGTTGCCTTCG-1,4
ATCTGTTGGTTGCA-1,0
ATCTTGACACCAAC-1,0
ATCTTGACCTCCCA-1,1
ATCTTTCTGCATCA-1,6
ATCTTTCTGTTTCT-1,3
ATCTTTCTTGTCCC-1,5
ATGAAACTCTGTGA-1,3
ATGAAACTGAGGCA-1,0
ATGAAGGAACAGCT-1,3
ATGAAGGACCTGTC-1,2
ATGAAGGACCTTAT-1,2
ATGAAGGACTAGTG-1,2
ATGAAGGACTTGCC-1,5
ATGACGTGACGACT-1,2
ATGACGTGATCGGT-1,1
ATGAGAGAAAGTGA-1,0
ATGAGAGAACGCAT-1,0
ATGAGAGAAGTAGA-1,2
ATGAGCACACAGCT-1,0
ATGAGCACATCTTC-1,0
ATGATAACTTCACT-1,5
ATGATATGAAACAG-1,0
ATGATATGACTGGT-1,0
ATGATATGAGCACT-1,0
ATGATATGGTCATG-1,0
ATGATATGGTGCTA-1,5
ATGATATGTTGTCT-1,1
ATGCACGAATGTCG-1,2
ATGCACGACTGTAG-1,0
ATGCACGAGAACCT-1,2
ATGCACGAGTTCGA-1,0
ATGCACGATTGGTG-1,1
ATGCAGTGTTACCT-1,2
ATGCAGTGTTCTAC-1,0
ATGCCAGAACGACT-1,0
ATGCCAGACAGTCA-1,1
ATGCCGCTTGAACC-1,1
ATGCGATGCTATGG-1,1
ATGCGATGCTGAGT-1,0
ATGCGATGGTTACG-1,2
ATGCGCCTTCATTC-1,0
ATGCTTTGCGAATC-1,0
ATGCTTTGGGCGAA-1,3
ATGCTTTGTAGTCG-1,2
ATGGACACATCGGT-1,0
ATGGACACGCATCA-1,5
ATGGGTACAACCTG-1,2
ATGGGTACATCGGT-1,5
ATGGGTACTATTCC-1,0
ATGGGTACTGGGAG-1,0
ATGTAAACACCTCC-1,0
ATGTAAACCCGCTT-1,0
ATGTAAACGGGATG-1,7
ATGTAAACTCTCCG-1,3
ATGTAAACTTCACT-1,1
ATGTACCTCAGTCA-1,3
ATGTACCTTAGTCG-1,0
ATGTACCTTTATCC-1,1
ATGTACCTTTCACT-1,3
ATGTCACTAATGCC-1,1
ATGTCACTCTGCTC-1,0
ATGTCGGAGGTGAG-1,0
ATGTTCACAGTCTG-1,1
ATGTTCACCGTAGT-1,0
ATGTTGCTTTCAGG-1,0
ATTAACGATGAGAA-1,3
ATTAACGATGCAAC-1,3
ATTAAGACTGCAGT-1,0
ATTACCTGCCTTAT-1,1
ATTACCTGGAGGAC-1,4
ATTACCTGGGCATT-1,2
ATTAGATGTTTCAC-1,0
ATTATGGAATCTCT-1,0
ATTCAAGAACGGGA-1,0
ATTCAAGACCTTTA-1,3
ATTCAGCTCATTGG-1,8
ATTCCAACCATTGG-1,1
ATTCCAACTTAGGC-1,5
ATTCGACTCACTAG-1,0
ATTCGACTGAATAG-1,1
ATTCGACTTTTGTC-1,4
ATTCGGGAAAGGCG-1,1
ATTCGGGATTAGGC-1,0
ATTCTTCTGATACC-1,0
ATTGAATGGACGGA-1,0
ATTGATGAAGGTTC-1,0
ATTGATGACTGAGT-1,0
ATTGATGAGCGAAG-1,0
ATTGATGATCTATC-1,0
ATTGCACTGACGGA-1,0
ATTGCACTGAGAGC-1,4
ATTGCACTGGAGCA-1,1
ATTGCACTTAGCCA-1,0
ATTGCACTTGCTTT-1,4
ATTGCTTGTTACTC-1,2
ATTGGTCTGACTAC-1,2
ATTGGTCTTGTCTT-1,2
ATTGTAGATTCCCG-1,7
ATTGTAGATTGCAG-1,0
ATTGTCTGCGTACA-1,0
ATTTAGGAACCATG-1,4
ATTTAGGACAGAGG-1,0
ATTTCCGAGATGAA-1,0
ATTTCCGAGTGCTA-1,0
ATTTCGTGTATGGC-1,3
ATTTCTCTACTTTC-1,4
ATTTCTCTAGCAAA-1,0
ATTTCTCTCACTTT-1,4
ATTTCTCTTCCCAC-1,0
ATTTGCACAAGATG-1,1
CAAAGCACAGCTCA-1,0
CAAAGCACCGTAAC-1,2
CAAAGCACGGTAAA-1,3
CAAAGCTGAAAGTG-1,0
CAAAGCTGTTGCTT-1,1
CAAATATGTGACAC-1,0
CAAATTGAGGGCAA-1,0
CAAATTGATGGAGG-1,1
CAACCAGAAAAGTG-1,0
CAACCAGAAGTGCT-1,0
CAACCAGAGTTCAG-1,1
CAACCAGATAGAAG-1,1
CAACCGCTGTTCAG-1,0
CAACCGCTTTGAGC-1,0
CAACGATGCGCAAT-1,4
CAACGTGACTCCAC-1,1
CAACGTGAGCCATA-1,3
CAACGTGATCAAGC-1,1
CAAGAAGACCACAA-1,0
CAAGAAGACGTCTC-1,1
CAAGAAGATTCTAC-1,0
CAAGACTGACCTGA-1,2
CAAGACTGAGTAGA-1,2
CAAGCTGACCATAG-1,4
CAAGCTGATCTATC-1,3
CAAGGACTGTTCAG-1,0
CAAGGACTTCTTTG-1,3
CAAGGTTGCTCCAC-1,0
CAAGGTTGTCATTC-1,2
CAAGGTTGTCTGGA-1,5
CAAGTCGAAACAGA-1,2
CAAGTCGATAGCGT-1,1
CAATAAACGCCATA-1,1
CAATAATGAACTGC-1,1
CAATATGACATGGT-1,0
CAATATGACCTTCG-1,3
CAATATGACGTTAG-1,0
CAATATGAGGAGCA-1,0
CAATCGGAGAAACA-1,0
CAATCTACTGACTG-1,5
CAATTCACCCAACA-1,3
CAATTCACGATAGA-1,0
CAATTCACTTGTGG-1,6
CAATTCTGCTTGTT-1,1
CAATTCTGGCGTAT-1,1
CACAACGATACGAC-1,0
CACAATCTTGTTCT-1,3
CACAATCTTTCCAT-1,3
CACACCTGCTTGAG-1,0
CACACCTGTATGGC-1,0
CACAGAACCCTTGC-1,2
CACAGAACCTGATG-1,0
CACAGATGGGATTC-1,0
CACAGATGGTTTCT-1,1
CACAGCCTGATACC-1,3
CACAGCCTTGCCAA-1,4
CACAGCCTTGTAGC-1,0
CACAGTGATGAAGA-1,1
CACATACTACAGCT-1,3
CACATGGAACACGT-1,0
CACATGGAAGTCGT-1,0
CACCACTGCCAACA-1,0
CACCACTGGCGAAG-1,5
CACCCATGTTCTGT-1,6
CACCGGGAATCGAC-1,0
CACCGGGACGAGAG-1,3
CACCGGGACGTGTA-1,0
CACCGGGACTTCTA-1,9
CACCGGGACTTGCC-1,3
CACCGGGATTCGGA-1,3
CACCGTACTAAGGA-1,2
CACCGTACTAGCGT-1,0
CACCTGACACCCAA-1,3
CACCTGACCAGAAA-1,0
CACCTGACCTCAAG-1,3
CACCTGACGAAAGT-1,2
CACCTGACTCGTAG-1,0
CACGAAACTTCCGC-1,2
CACGACCTCGATAC-1,2
CACGCTACAGAAGT-1,0
CACGCTACTGTTCT-1,2
CACGCTACTTGACG-1,1
CACGGGACAGAGTA-1,0
CACGGGACATAAGG-1,0
CACGGGACGTAGGG-1,0
CACGGGTGCTTCGC-1,3
CACGGGTGGAGGAC-1,3
CACGGGTGTGTTTC-1,0
CACTAACTCCTAAG-1,2
CACTAACTGAAAGT-1,0
CACTAGGATGATGC-1,2
CACTATACCCCGTT-1,2
CACTATACGTTTGG-1,3
CACTGAGACAGTCA-1,1
CACTGCACTTCATC-1,0
CACTGCTGAGACTC-1,4
CACTGCTGGAAAGT-1,0
CACTTAACCGAATC-1,0
CACTTAACCGTACA-1,2
CACTTTGACTCTAT-1,3
CACTTTGAGCTGTA-1,3
CAGAAGCTCTCAAG-1,0
CAGACATGAACGGG-1,0
CAGACATGTCGACA-1,0
CAGACCCTAAGGTA-1,4
CAGACCCTAATGCC-1,0
CAGACCCTAGGAGC-1,0
CAGACTGAGTATGC-1,0
CAGATCGAATGTCG-1,2
CAGATCGACCTGAA-1,0
CAGATCGATATGGC-1,0
CAGATGACATTCTC-1,5
CAGCAATGCCTTCG-1,0
CAGCAATGGAGGGT-1,5
CAGCAATGGTGCTA-1,0
CAGCAATGTCTACT-1,1
CAGCAATGTGACCA-1,0
CAGCAATGTGAGGG-1,1
CAGCACCTAAGCCT-1,0
CAGCACCTAGGCGA-1,0
CAGCACCTGTAGGG-1,1
CAGCATGACAACCA-1,1
CAGCATGAGACGTT-1,3
CAGCCTACCCAACA-1,0
CAGCCTTGCTACCC-1,1
CAGCCTTGGGGACA-1,0
CAGCGGACACCCTC-1,0
CAGCGGACCTTTAC-1,5
CAGCGTCTAAAGCA-1,0
CAGCGTCTTATCGG-1,0
CAGCTAGATGTGAC-1,1
CAGCTCTGAGGCGA-1,0
CAGCTCTGCAAGCT-1,3
CAGCTCTGTCGTAG-1,1
CAGCTCTGTGTGGT-1,5
CAGGAACTAACTGC-1,3
CAGGAACTCTCAGA-1,1
CAGGCCGAACACCA-1,0
CAGGCCGAACACGT-1,0
CAGGCCGAACGACT-1,0
CAGGCCGAATCTCT-1,4
CAGGCCGACTAGCA-1,2
CAGGGCACCATACG-1,2
CAGGGCACCCAACA-1,0
CAGGGCACTCCCGT-1,0
CAGGTAACAGACTC-1,1
CAGGTATGAGTCGT-1,0
CAGGTATGTGCTTT-1,0
CAGGTTGAGGATCT-1,2
CAGTGATGGACGGA-1,2
CAGTGATGGCTAAC-1,3
CAGTGATGGGACAG-1,0
CAGTGATGTAAGGA-1,2
CAGTGATGTACGCA-1,2
CAGTGTGAACACGT-1,6
CAGTGTGATGTCAG-1,0
CAGTTACTAAGGTA-1,2
CAGTTACTGATAGA-1,0
CAGTTGGAAAGAGT-1,4
CAGTTGGACATACG-1,0
CAGTTTACACACGT-1,5
CAGTTTACCCCAAA-1,0
CATAAAACGGAGCA-1,1
CATAAATGAACTGC-1,0
CATAACCTTCTCCG-1,0
CATACTACCTCGAA-1,0
CATACTACCTGAAC-1,0
CATACTACGTACCA-1,1
CATACTTGGGTTAC-1,4
CATAGTCTAATCGC-1,0
CATAGTCTCACTTT-1,0
CATATAGACTAAGC-1,7
CATATAGATCAGGT-1,2
CATCAACTAGAAGT-1,0
CATCAACTCCCTCA-1,0
CATCAGGACTTCCG-1,5
CATCAGGATAGCCA-1,5
CATCAGGATCCTAT-1,4
CATCAGGATGCACA-1,1
CATCAGGATTTCGT-1,1
CATCATACCGCATA-1,1
CATCATACGGAGCA-1,2
CATCATACTCAAGC-1,0
CATCGCTGGGATCT-1,0
CATCGCTGTGGCAT-1,2
CATCGGCTATGCTG-1,0
CATCGGCTTTGGCA-1,0
CATCTCCTATGTGC-1,2
CATCTCCTCGAACT-1,4
CATGAGACACGGGA-1,2
CATGAGACGTTGAC-1,5
CATGAGACTCGCCT-1,0
CATGCCACGGGTGA-1,0
CATGCCACTGCCAA-1,0
CATGCGCTAGTCAC-1,4
CATGCGCTCAGATC-1,1
CATGCGCTTTGCAG-1,4
CATGGCCTAGGGTG-1,1
CATGGCCTGTGCAT-1,0
CATGTACTATCGTG-1,3
CATGTTACAGTCGT-1,3
CATGTTACCTGAGT-1,0
CATGTTTGGGGATG-1,1
CATTACACACGGAG-1,2
CATTACACCAACTG-1,5
CATTACACGGAGTG-1,0
CATTACACTACTCT-1,0
CATTAGCTCCACAA-1,1
CATTGACTAGCGGA-1,1
CATTGGGACTCGAA-1,0
CATTGTACAGCGTT-1,0
CATTGTACTCGATG-1,2
CATTGTACTTATCC-1,0
CATTGTACTTTGCT-1,4
CATTGTTGCTAGTG-1,0
CATTTCGACTCTAT-1,3
CATTTCGAGATACC-1,5
CATTTGACCACACA-1,3
CATTTGACCCTGAA-1,3
CATTTGTGACGACT-1,2
CATTTGTGCATTGG-1,0
CATTTGTGCGGAGA-1,0
CATTTGTGGGATCT-1,2
CCAAAGTGCTACGA-1,1
CCAAAGTGTGAGAA-1,1
CCAACCTGAAGTAG-1,3
CCAACCTGACGTAC-1,1
CCAACCTGTTCGCC-1,1
CCAAGAACCCAATG-1,0
CCAAGAACGTAGCT-1,0
CCAAGAACGTGTCA-1,0
CCAAGAACTACTGG-1,3
CCAAGAACTCCTAT-1,2
CCAAGATGTCATTC-1,0
CCAAGATGTTTCAC-1,0
CCAAGTGAGGAACG-1,0
CCAAGTGATCAAGC-1,0
CCAATGGAACAGCT-1,1
CCAATTTGAACGTC-1,1
CCACCATGAACGTC-1,0
CCACCATGATCGGT-1,0
CCACCATGGACGAG-1,4
CCACCATGGGGAGT-1,0
CCACCATGTCCTGC-1,3
CCACTGACCCGCTT-1,1
CCACTGTGGGAAGC-1,1
CCACTGTGTGTAGC-1,0
CCACTTCTCGGGAA-1,1
CCAGAAACCCTGTC-1,2
CCAGAAACGAACTC-1,0
CCAGAAACGGTCTA-1,0
CCAGACCTCTGAGT-1,1
CCAGACCTTGTGGT-1,0
CCAGCACTGCGATT-1,4
CCAGCGGAAAGGCG-1,1
CCAGCGGACGACTA-1,1
CCAGCGGATGGGAG-1,0
CCAGCTACACAGTC-1,0
CCAGCTACCAGCTA-1,2
CCAGGTCTACACCA-1,2
CCAGGTCTAGCATC-1,1
CCAGGTCTATGGTC-1,0
CCAGTCACACTGGT-1,1
CCAGTCACACTGTG-1,2
CCAGTCACGTTGTG-1,0
CCAGTCTGCGGAGA-1,9
CCAGTGCTAACCAC-1,0
CCAGTGCTCGTAGT-1,0
CCATCCGAAAGCAA-1,0
CCATCCGAACGACT-1,3
CCATCCGAAGGTTC-1,2
CCATCCGATTCGCC-1,1
CCATCGTGAACGGG-1,0
CCATCGTGCTAGAC-1,4
CCCAACACCTCGCT-1,2
CCCAACACGCATCA-1,0
CCCAACACTTTGTC-1,1
CCCAACTGCAATCG-1,1
CCCAGACTGCCTTC-1,1
CCCAGACTGGTTTG-1,2
CCCAGACTTTCGCC-1,4
CCCAGTTGCAGTTG-1,1
CCCAGTTGGGTACT-1,0
CCCAGTTGTCTATC-1,2
CCCGATTGTGTTTC-1,0
CCCGGAGAAGGGTG-1,1
CCCTACGAATTGGC-1,1
CCCTAGTGCAAAGA-1,0
CCCTCAGACACTTT-1,2
CCCTCAGACGAGAG-1,0
CCCTCAGAGGTCAT-1,0
CCCTGAACTAAAGG-1,2
CCCTGATGCAACCA-1,0
CCCTGATGCAAGCT-1,2
CCCTTACTAACCAC-1,1
CCCTTACTGCAGTT-1,3
CCGAAAACCTTGTT-1,1
CCGACACTGGTTTG-1,0
CCGACTACCCAGTA-1,1
CCGACTACCGTGTA-1,6
CCGACTACTGAGGG-1,3
CCGATAGACCTAAG-1,6
CCGATAGAGTTGGT-1,4
CCGCGAGACACACA-1,1
CCGCGAGAGGTTCA-1,3
CCGCTATGGGACGA-1,2
CCGCTATGTGCAAC-1,1
CCGCTATGTGCACA-1,1
CCGGTACTGTCCTC-1,0
CCGTACACAAGCAA-1,0
CCGTACACAGCGTT-1,2
CCGTACACGTCATG-1,3
CCGTACACGTTGGT-1,1
CCGTACACTAACGC-1,3
CCTAAACTTTCGTT-1,0
CCTAAGGACCCAAA-1,0
CCTAAGGACTAGCA-1,1
CCTAAGGAGGGCAA-1,0
CCTAAGGATGATGC-1,0
CCTAAGGATGTCAG-1,0
CCTACCGACTCTTA-1,0
CCTACCGAGGGATG-1,2
CCTAGAGAGGTGAG-1,2
CCTATAACCAAAGA-1,0
CCTATAACGAGACG-1,4
CCTATAACTCAGAC-1,0
CCTATAACTGCATG-1,4
CCTCGAACACTTTC-1,5
CCTCGAACCCGTAA-1,1
CCTCGAACGTATCG-1,0
CCTCGAACTTACTC-1,0
CCTCTACTCTTCGC-1,1
CCTCTACTGGCATT-1,0
CCTGACTGAAGTAG-1,3
CCTGACTGGGGAGT-1,0
CCTGACTGTGTCTT-1,2
CCTGCAACACGTTG-1,1
CCTGGACTCGTGAT-1,0
CCTTAATGCCCAAA-1,2
CCTTAATGTTCTAC-1,4
CCTTCACTACGACT-1,0
CCTTCACTCAGTCA-1,2
CCTTCACTGGAGTG-1,1
CCTTTAGATTCATC-1,1
CGAACATGCCCTAC-1,1
CGAACATGTCAGAC-1,0
CGAAGACTGGAACG-1,3
CGAAGACTGTTACG-1,0
CGAAGGGAAACCTG-1,3
CGAAGGGATCCGAA-1,2
CGAAGTACCAACTG-1,2
CGAATCGAGGAGCA-1,1
CGAATCGAGGAGGT-1,0
CGACAAACCCATAG-1,0
CGACAAACCGACAT-1,2
CGACCACTAAAGTG-1,5
CGACCACTGCCAAT-1,5
CGACCGGAAGGTCT-1,0
CGACCGGATGGAAA-1,0
CGACCTTGCTAGTG-1,0
CGACCTTGGCAAGG-1,6
CGACGTCTATCGTG-1,0
CGACGTCTCGTGTA-1,0
CGACGTCTGAGGCA-1,0
CGACTCACGTCGTA-1,0
CGACTCACGTTGCA-1,0
CGACTCTGTGTGAC-1,0
CGACTGCTTCCTCG-1,1
CGAGAACTAAGGCG-1,3
CGAGAACTACGTTG-1,0
CGAGAACTTGTTCT-1,1
CGAGATTGGACACT-1,3
CGAGATTGGCCATA-1,3
CGAGCCGAACACCA-1,3
CGAGCCGACGACAT-1,3
CGAGCCGAGGCGAA-1,0
CGAGCGTGCTCCAC-1,0
CGAGCGTGGATACC-1,0
CGAGCGTGTATGCG-1,1
CGAGGAGACCTCCA-1,2
CGAGGAGATGTCGA-1,6
CGAGGCACCTATGG-1,3
CGAGGCACTATGCG-1,1
CGAGGCACTCTTCA-1,0
CGAGGCTGACGCTA-1,5
CGAGGCTGGCAGTT-1,1
CGAGGGCTACGACT-1,2
CGAGGGCTCGAATC-1,6
CGAGTATGTCACCC-1,4
CGATACGAACAGTC-1,1
CGATACGACAGGAG-1,9
CGATACGATTCACT-1,2
CGATAGACCCGTAA-1,1
CGATAGACCGTACA-1,0
CGATAGACGTAGGG-1,1
CGATAGACTGTTCT-1,0
CGATCAGAAGAACA-1,3
CGATCAGAGAGGGT-1,0
CGATCAGAGGTACT-1,0
CGATCAGATGTGAC-1,7
CGATCCACCGGGAA-1,3
CGATCCACTTCCAT-1,2
CGCAAATGCTCGAA-1,6
CGCAACCTCCTTGC-1,0
CGCAACCTGGACGA-1,0
CGCACGGAGGACGA-1,2
CGCACGGATCTTTG-1,6
CGCACTACAGAATG-1,0
CGCACTACAGCCAT-1,0
CGCACTACATTGGC-1,0
CGCACTACTCGCCT-1,2
CGCACTACTCGTGA-1,0
CGCACTTGTCACGA-1,1
CGCAGGACAGATCC-1,3
CGCAGGACCTACTT-1,0
CGCAGGACTTGTCT-1,4
CGCAGGTGCACTGA-1,0
CGCAGGTGCCATAG-1,4
CGCAGGTGGGAACG-1,0
CGCATAGATCACGA-1,1
CGCCATACTGCAAC-1,0
CGCCATTGAGAGGC-1,0
CGCCATTGCTATGG-1,0
CGCCATTGGAGACG-1,0
CGCCATTGGAGCAG-1,2
CGCCATTGTACTGG-1,2
CGCCGAGAGCTTAG-1,5
CGCCTAACGAATGA-1,7
CGCCTAACTGCTCC-1,0
CGCGAGACACAGCT-1,0
CGCGAGACAGGTCT-1,2
CGCGAGACGCTACA-1,3
CGCGATCTCAGTCA-1,1
CGCGATCTGTTGAC-1,1
CGCGATCTTTCTTG-1,2
CGCGGATGGCCAAT-1,0
CGCTAAGAATGTCG-1,0
CGCTAAGACAACTG-1,0
CGCTAAGACCCTTG-1,0
CGCTACTGAACAGA-1,1
CGCTACTGAGAACA-1,0
CGCTACTGTGAGCT-1,0
CGCTACTGTTCCCG-1,3
CGCTCATGCATTTC-1,1
CGGAATTGCACTAG-1,6
CGGAATTGGTTTGG-1,0
CGGAATTGTGGAGG-1,0
CGGACCGATGCGTA-1,3
CGGACCGATGGGAG-1,0
CGGACTCTAAACAG-1,2
CGGACTCTCCAATG-1,0
CGGACTCTCCTCGT-1,3
CGGAGGCTATTCCT-1,0
CGGAGGCTTGGATC-1,0
CGGATAACAACGAA-1,1
CGGATAACAGCTCA-1,0
CGGATAACTCAGTG-1,1
CGGCACGAACTCAG-1,3
CGGCACGAAGGGTG-1,0
CGGCACGACTACGA-1,4
CGGCATCTTAGAAG-1,0
CGGCATCTTCGTAG-1,1
CGGCCAGAAAGGTA-1,0
CGGCCAGAGAGGCA-1,3
CGGCGAACCAGTCA-1,1
CGGCGAACGACAAA-1,5
CGGCGAACGGTCTA-1,0
CGGCGAACTACTTC-1,5
CGGGACTGCGTGTA-1,0
CGGGACTGGAATAG-1,3
CGGGCATGACCCAA-1,3
CGGGCATGTCTCTA-1,5
CGGGCATGTTGTGG-1,0
CGGTAAACTCGCAA-1,0
CGGTCACTGTTTGG-1,0
CGGTCACTTACTTC-1,0
CGTAACGAATCAGC-1,0
CGTAACGATCGCCT-1,0
CGTACCACACACAC-1,0
CGTACCACACGTTG-1,0
CGTACCACCTCATT-1,0
CGTACCACGCTACA-1,3
CGTACCACGGAGCA-1,0
CGTACCTGGACGAG-1,4
CGTACCTGGCATCA-1,5
CGTAGCCTCTCTCG-1,1
CGTAGCCTGCGAAG-1,0
CGTAGCCTGTATGC-1,4
CGTCAAGAAAGGTA-1,1
CGTCAAGAACGTGT-1,0
CGTCAAGACAGAGG-1,0
CGTCAAGACAGGAG-1,3
CGTCCATGCTCTTA-1,0
CGTCGACTTTCCGC-1,3
CGTGATGACGCTAA-1,0
CGTGATGAGGTTCA-1,0
CGTGCACTTATGGC-1,1
CGTGTAGAAAAACG-1,0
CGTGTAGACGATAC-1,3
CGTGTAGAGTTACG-1,5
CGTGTAGAGTTCAG-1,1
CGTGTAGATTCGGA-1,5
CGTTAGGAAACCAC-1,0
CGTTAGGATCATTC-1,1
CGTTATACCCTGAA-1,3
CGTTTAACTGGTCA-1,0
CTAAACCTCTGACA-1,5
CTAAACCTGTGCAT-1,2
CTAACACTAACGTC-1,0
CTAACACTAGTGCT-1,4
CTAACGGAACCGAT-1,5
CTAACGGATTTCTG-1,0
CTAACTACGGCAAG-1,3
CTAAGGACACCATG-1,0
CTAAGGACCGTTAG-1,0
CTAAGGACGCCATA-1,1
CTAAGGTGCCTAAG-1,2
CTAAGGTGTTGCAG-1,3
CTAAGGTGTTTCTG-1,0
CTAATAGAGCTATG-1,6
CTAATGCTTGTGGT-1,1
CTACAACTCCCGTT-1,3
CTACCTCTCAACCA-1,3
CTACGCACACCTAG-1,4
CTACGCACTCTCCG-1,0
CTACGCACTGGTCA-1,5
CTACGGCTTTCTTG-1,1
CTACTATGAACCAC-1,1
CTACTATGATGTGC-1,1
CTACTATGCTAAGC-1,3
CTACTATGTAAAGG-1,2
CTACTCCTATGTCG-1,5
CTACTCCTGCCATA-1,1
CTAGAGACACTTTC-1,0
CTAGAGACAGCATC-1,3
CTAGAGACTTTGGG-1,1
CTAGATCTCTCTAT-1,0
CTAGATCTTCGACA-1,0
CTAGGATGAGCCTA-1,2
CTAGGATGATCGTG-1,2
CTAGGCCTCTCAGA-1,0
CTAGGTGATGGTTG-1,4
CTAGTTACCAGAGG-1,0
CTAGTTACCGCATA-1,0
CTAGTTACGAAACA-1,5
CTAGTTTGAGTACC-1,3
CTATAAGATCGTTT-1,2
CTATACTGAGGTTC-1,1
CTATACTGCCAGTA-1,0
CTATACTGCGCTAA-1,1
CTATACTGCTACGA-1,5
CTATACTGTCTCAT-1,5
CTATACTGTTCGTT-1,0
CTATAGCTGTCACA-1,0
CTATAGCTTCGCTC-1,1
CTATAGCTTGCCTC-1,1
CTATCAACGAACTC-1,0
CTATCAACGCAGAG-1,0
CTATCAACTTTGGG-1,0
CTATCCCTCCACCT-1,1
CTATGTACGAGAGC-1,0
CTATGTACGCTTAG-1,0
CTATGTACTGTTTC-1,0
CTATGTTGAAAGCA-1,0
CTATGTTGTCCTCG-1,0
CTATGTTGTCTCGC-1,0
CTATTGACAAACGA-1,1
CTATTGACACTGGT-1,1
CTATTGACGGTGAG-1,4
CTATTGTGGCAAGG-1,0
CTCAATTGGTTCAG-1,0
CTCAATTGGTTGCA-1,1
CTCAGAGATAGAAG-1,0
CTCAGCACTCTAGG-1,0
CTCAGCACTGAACC-1,1
CTCAGCACTTGCAG-1,0
CTCAGCTGAACCTG-1,1
CTCAGCTGCAGTTG-1,0
CTCAGCTGTTTCTG-1,3
CTCAGGCTCGTTGA-1,4
CTCAGGCTGCTAAC-1,0
CTCATTGACCTTAT-1,0
CTCATTGATGCTTT-1,1
CTCATTGATTGCTT-1,1
CTCCACGAGAGATA-1,7
CTCCATCTCTTAGG-1,0
CTCCATCTGACGAG-1,0
CTCCGAACAAGTGA-1,4
CTCCTACTGCCTTC-1,1
CTCGAAGATGTGGT-1,0
CTCGAAGATTAGGC-1,1
CTCGACTGCTCTAT-1,0
CTCGACTGGGTGAG-1,0
CTCGACTGGTTGAC-1,5
CTCGAGCTCTGGAT-1,3
CTCGCATGACTTTC-1,0
CTCGCATGCTTAGG-1,0
CTCTAAACCTCGAA-1,0
CTCTAAACGGCGAA-1,0
CTCTAATGTCCAAG-1,1
CTGAACGACAGTCA-1,0
CTGAACGATGAGGG-1,0
CTGAAGACCCAACA-1,0
CTGAAGACGTGCAT-1,2
CTGAAGTGAAGCCT-1,4
CTGAAGTGCAGCTA-1,2
CTGAAGTGGCTATG-1,0
CTGAAGTGTCCAGA-1,0
CTGAATCTGAATAG-1,0
CTGACAGAATCGTG-1,3
CTGACCACAGCAAA-1,0
CTGAGAACCGGGAA-1,0
CTGAGAACGTAAAG-1,3
CTGATACTAGTAGA-1,0
CTGATTTGGTGTTG-1,1
CTGCAGCTAACCGT-1,0
CTGCAGCTGACACT-1,0
CTGCAGCTGGATTC-1,1
CTGCAGCTTGGCAT-1,3
CTGCCAACAGGAGC-1,3
CTGCCAACCAGCTA-1,0
CTGCCAACTAACCG-1,1
CTGCCAACTGCTCC-1,3
CTGCCAACTTGCAG-1,0
CTGCCAACTTGCTT-1,3
CTGCGACTCCACCT-1,3
CTGGAAACAAACGA-1,3
CTGGAAACATCGAC-1,0
CTGGATGACTGGAT-1,3
CTGGATGACTTGTT-1,0
CTGGATGATGTGAC-1,2
CTGGCACTCAAGCT-1,1
CTGGCACTGGACAG-1,3
CTGTAACTAACCAC-1,0
CTGTAACTAGCGTT-1,0
CTGTATACGTAAAG-1,0
CTGTATACGTACGT-1,1
CTGTATACGTTGGT-1,0
CTGTGAGACAACCA-1,4
CTGTGAGACCTTGC-1,3
CTGTGAGACGAACT-1,1
CTGTGAGACTGTAG-1,1
CTTAAAGAACCTGA-1,0
CTTAACACCTGTAG-1,0
CTTAACACGAGCTT-1,0
CTTAACACTATCGG-1,2
CTTAAGCTACCTAG-1,0
CTTAAGCTAGTACC-1,0
CTTAAGCTCATCAG-1,0
CTTAAGCTCCGCTT-1,2
CTTAAGCTTCCTCG-1,3
CTTACAACTAACGC-1,0
CTTACAACTCCCGT-1,1
CTTACTGACGTACA-1,0
CTTAGACTAAACGA-1,0
CTTAGGGACTTGCC-1,0
CTTAGGGAGAATCC-1,0
CTTATCGACTCATT-1,0
CTTCACCTACCTGA-1,4
CTTCATGAAGCATC-1,2
CTTCATGAAGTACC-1,0
CTTCATGACCGAAT-1,3
CTTGAACTACGCAT-1,0
CTTGATTGAGGTTC-1,3
CTTGATTGATCTTC-1,8
CTTGATTGCATTCT-1,0
CTTGATTGTTTCGT-1,0
CTTGTATGACACCA-1,2
CTTGTATGCGCAAT-1,2
CTTTACGAGCGAAG-1,0
CTTTAGACCGTGAT-1,6
CTTTAGACGAGACG-1,0
CTTTAGACGATACC-1,3
CTTTAGACGTTGGT-1,3
CTTTAGACTCATTC-1,3
CTTTAGTGACGGGA-1,5
CTTTAGTGGGTGGA-1,0
CTTTCAGAGAAACA-1,0
CTTTGATGAGCACT-1,0
CTTTGATGTCTAGG-1,3
CTTTGATGTGTCCC-1,0
CTTTGATGTGTGGT-1,0
GAAACAGAACTACG-1,0
GAAACAGAATCACG-1,0
GAAACAGACATTCT-1,0
GAAACCTGATCGTG-1,0
GAAACCTGATGCCA-1,0
GAAACCTGCTTATC-1,0
GAAACCTGGACTAC-1,4
GAAACCTGTGCTAG-1,0
GAAAGATGATTTCC-1,0
GAAAGATGCTGATG-1,4
GAAAGATGCTTCGC-1,1
GAAAGATGTAAGGA-1,0
GAAAGATGTTTGCT-1,3
GAAAGCCTACGTTG-1,2
GAAAGTGAAAGTGA-1,7
GAAAGTGACCACAA-1,1
GAAAGTGACTCAAG-1,0
GAAATACTACCAAC-1,1
GAAATACTCTTAGG-1,2
GAAATACTTCCTCG-1,0
GAACACACGTGCAT-1,1
GAACACACTGCCTC-1,0
GAACAGCTAACTGC-1,1
GAACAGCTCTCAGA-1,4
GAACCAACCACAAC-1,0
GAACCAACTTCCGC-1,5
GAACCTGAACGTGT-1,3
GAACCTGAGAGACG-1,0
GAACCTGATGAACC-1,0
GAACGGGATACTTC-1,0
GAACGTTGACGGAG-1,3
GAACTGTGACCTGA-1,4
GAACTGTGCCAGTA-1,1
GAAGAATGCAATCG-1,0
GAAGCGGACCTATT-1,1
GAAGCTACGAATGA-1,1
GAAGCTACGGTTTG-1,0
GAAGGGTGAAAGTG-1,0
GAAGGGTGCTTAGG-1,1
GAAGGTCTGAAAGT-1,0
GAAGGTCTGTTGCA-1,0
GAAGGTCTTAAAGG-1,7
GAAGTAGACTCCCA-1,3
GAAGTAGATCCAAG-1,4
GAAGTCACCCTCGT-1,1
GAAGTCACCCTGTC-1,2
GAAGTCTGTCGCAA-1,2
GAAGTCTGTTCTGT-1,0
GAAGTGCTAAACGA-1,5
GAAGTGCTCCGCTT-1,1
GAAGTGCTTAACCG-1,0
GAATGCACCCTAAG-1,0
GAATGCACCTTCGC-1,5
GAATGCTGCGGTAT-1,0
GAATGGCTAAGATG-1,6
GAATTAACGATAAG-1,0
GAATTAACGGTCAT-1,0
GAATTAACGTCGTA-1,5
GAATTAACTGAAGA-1,2
GACAACACAGGCGA-1,0
GACAACACATCGTG-1,0
GACAACACTCGCCT-1,0
GACAACTGAGGTTC-1,0
GACAGGGAAGAGTA-1,2
GACAGGGAATGCCA-1,0
GACAGTACGAGCTT-1,4
GACAGTACTTCGGA-1,4
GACAGTTGAGTAGA-1,2
GACATTCTCCACCT-1,7
GACCAAACGACTAC-1,1
GACCAAACGTATCG-1,1
GACCATGACTCTCG-1,1
GACCCTACTAAAGG-1,2
GACCTAGACCTCAC-1,0
GACCTAGACGAGAG-1,0
GACCTCACAAGGTA-1,0
GACCTCACGTACGT-1,1
GACCTCTGCATCAG-1,0
GACGAACTCCCACT-1,0
GACGATTGCCAATG-1,2
GACGCCGACCTTCG-1,0
GACGCTCTCTCTCG-1,8
GACGGCACACGGGA-1,5
GACGGCACGAGATA-1,1
GACGTAACCTATGG-1,0
GACGTAACCTGTGA-1,0
GACGTAACTATGGC-1,0
GACGTATGTTGACG-1,0
GACGTATGTTTGCT-1,0
GACGTCCTACGGAG-1,0
GACGTCCTCTCAAG-1,1
GACGTCCTGATAAG-1,2
GACTACGATGGTCA-1,2
GACTCCTGCTCGCT-1,0
GACTCCTGGGTTAC-1,0
GACTCCTGTTATCC-1,0
GACTCCTGTTGGTG-1,1
GACTGAACAACCGT-1,2
GACTGAACCAATCG-1,1
GACTGATGTGATGC-1,0
GACTTTACATGCCA-1,0
GACTTTACGACAGG-1,2
GAGAAATGTTCTCA-1,2
GAGATAGAAAAAGC-1,1
GAGATCACGACAAA-1,4
GAGATGCTCTGGAT-1,3
GAGATGCTGAATGA-1,0
GAGCAGGATTCCCG-1,3
GAGCATACTTTGCT-1,4
GAGCGCACGCGTAT-1,1
GAGCGCACGGTGAG-1,3
GAGCGCTGAAGATG-1,5
GAGCGCTGTCTTAC-1,1
GAGCGGCTGGGAGT-1,2
GAGGACGACTCAGA-1,0
GAGGATCTGAAAGT-1,2
GAGGCAGACTTGCC-1,3
GAGGGAACACCAGT-1,0
GAGGGAACGAGGGT-1,0
GAGGGATGGGAAAT-1,0
GAGGGCCTTCACCC-1,3
GAGGGTGAAGAGTA-1,0
GAGGTACTACGGTT-1,0
GAGGTACTACTCAG-1,1
GAGGTACTGACACT-1,5
GAGGTACTGGGAGT-1,0
GAGGTACTTAGCGT-1,1
GAGGTGGAGTACGT-1,0
GAGGTGGATCCTCG-1,5
GAGGTTACTCGTTT-1,1
GAGGTTTGTAAGCC-1,1
GAGTCAACCATTCT-1,0
GAGTCAACGGGAGT-1,0
GAGTCTGATCGTGA-1,0
GAGTCTGATTTGGG-1,2
GAGTGACTCAGCTA-1,0
GAGTGACTCGGTAT-1,3
GAGTGACTCTTGCC-1,2
GAGTGACTGACTAC-1,2
GAGTGACTGTCTAG-1,0
GAGTGGGAGTCTTT-1,2
GAGTGGGATGCCCT-1,0
GAGTGGGATGCTGA-1,2
GAGTGTTGCTGTAG-1,0
GAGTGTTGTGGTCA-1,0
GAGTTGTGCATGGT-1,1
GAGTTGTGCTGAGT-1,3
GAGTTGTGGCGAGA-1,1
GAGTTGTGGTAGCT-1,8
GAGTTGTGTATGCG-1,4
GATAAGGAGAAACA-1,1
GATAAGGATTCACT-1,1
GATACTCTATCGGT-1,0
GATACTCTTACTTC-1,0
GATACTCTTGACTG-1,1
GATAGAGAAGGGTG-1,5
GATAGAGACTGTGA-1,0
GATAGAGATCACGA-1,7
GATAGCACCCATAG-1,0
GATAGCACGAAGGC-1,4
GATAGCACTTGTCT-1,0
GATATAACAAGGTA-1,0
GATATAACACGCAT-1,0
GATATATGCTGGAT-1,0
GATATATGTCCGTC-1,3
GATATATGTGGAGG-1,1
GATATCCTAGAAGT-1,0
GATATCCTCCCGTT-1,1
GATATTGACAGGAG-1,3
GATATTGACGAGTT-1,4
GATATTGAGCCAAT-1,0
GATCCCTGACCTTT-1,5
GATCCCTGTGTAGC-1,3
GATCCGCTGGTCAT-1,1
GATCGAACCGAGAG-1,0
GATCGATGACTAGC-1,2
GATCGATGGTAAAG-1,2
GATCGATGTAAGGA-1,1
GATCGTGACACTAG-1,0
GATCGTGATTCACT-1,0
GATCTACTGGTGAG-1,3
GATCTACTTTGCAG-1,2
GATCTTACACCCAA-1,4
GATCTTACCCTACC-1,0
GATCTTACGAATAG-1,1
GATCTTACGAGATA-1,1
GATGCAACTCCAGA-1,0
GATGCCCTACGTAC-1,0
GATGCCCTCTCATT-1,0
GATGCCCTGGCAAG-1,1
GATGCCCTTTTGCT-1,0
GATTACCTTGTTCT-1,0
GATTCGGAACGACT-1,0
GATTCGGACAGGAG-1,1
GATTCGGAGAAGGC-1,4
GATTCTTGATTCGG-1,1
GATTCTTGCCGATA-1,0
GATTCTTGCGAGTT-1,2
GATTGGACCCGTTC-1,2
GATTGGACGGTGTT-1,2
GATTGGACTTTCGT-1,2
GATTGGTGTGTCAG-1,0
GATTTAGACACTCC-1,4
GATTTAGACTAAGC-1,2
GATTTAGATTCGTT-1,1
GATTTGCTAACGAA-1,0
GATTTGCTAACGGG-1,1
GCAACCCTCCTCGT-1,1
GCAACTGATTGCGA-1,0
GCAAGACTACTGGT-1,0
GCAAGACTAGGTCT-1,0
GCAAGACTCCCTTG-1,0
GCAATCGACTGCAA-1,3
GCAATCGAGACGTT-1,1
GCAATCGATCCTTA-1,1
GCAATTCTCGTGTA-1,0
GCAATTCTTCTCCG-1,0
GCACAAACAATGCC-1,0
GCACAAACGGTACT-1,0
GCACAATGGTGCAT-1,1
GCACACCTGTGCTA-1,5
GCACCACTCATGAC-1,1
GCACCACTGTTTGG-1,1
GCACCACTTCCTTA-1,5
GCACCACTTTCGGA-1,1
GCACCTACGCGATT-1,0
GCACCTTGGCTGTA-1,0
GCACCTTGGGGAGT-1,1
GCACGGACCAGCTA-1,0
GCACGGTGACCTCC-1,0
GCACGGTGCTATGG-1,1
GCACTAGAACGGGA-1,0
GCACTAGAAGATGA-1,2
GCACTAGACCTTTA-1,4
GCACTAGACGTAAC-1,2
GCACTAGAGTCGTA-1,5
GCACTAGATGCAAC-1,0
GCACTGCTGAGGCA-1,0
GCAGATACAGCGTT-1,3
GCAGATACGACGGA-1,0
GCAGATACGCAGAG-1,0
GCAGCCGACAGTCA-1,0
GCAGCGTGCACTCC-1,0
GCAGCTCTCAATCG-1,0
GCAGCTCTGTTTCT-1,0
GCAGGGCTAAGAAC-1,0
GCAGGGCTAAGGGC-1,0
GCAGGGCTATCGAC-1,5
GCAGGGCTTGGGAG-1,3
GCAGTCCTAACTGC-1,0
GCAGTCCTCTCTTA-1,0
GCATCAGATGCGTA-1,3
GCATGTGACAAGCT-1,0
GCATTGGAGAAGGC-1,0
GCCAAAACGAGGCA-1,3
GCCAAATGATCGAC-1,3
GCCAACCTACGGTT-1,0
GCCAACCTCGCCTT-1,0
GCCACGGAGGCGAA-1,1
GCCACGGATACTGG-1,0
GCCACTACCTACTT-1,2
GCCACTACGTCTTT-1,0
GCCCAACTACCGAT-1,0
GCCCAACTATGGTC-1,3
GCCCATACAGCGTT-1,3
GCCGACGAACTCTT-1,1
GCCGAGTGCGTTGA-1,3
GCCGGAACGAACTC-1,3
GCCGGAACGTTCTT-1,5
GCCGGAACTGCACA-1,3
GCCGGAACTTACTC-1,0
GCCGTACTACCTGA-1,0
GCCGTACTGGCAAG-1,1
GCCTACACAGTTCG-1,5
GCCTACACCACTGA-1,4
GCCTACACCTTGAG-1,0
GCCTAGCTACGGAG-1,2
GCCTAGCTCTATTC-1,0
GCCTAGCTTCTCAT-1,0
GCCTAGCTTCTCTA-1,4
GCCTCAACCATGGT-1,0
GCCTCAACTCTTTG-1,9
GCCTCATGTCTTAC-1,3
GCCTGACTCTCAAG-1,1
GCGAAGGAACTCTT-1,0
GCGAAGGAGAGCTT-1,9
GCGAAGGATGCCAA-1,0
GCGAGAGAGGGACA-1,0
GCGAGCACTGTCGA-1,2
GCGAGCACTTGACG-1,0
GCGAGCACTTGCTT-1,1
GCGATATGGTACGT-1,0
GCGATATGGTGTTG-1,0
GCGCACGAAGTCGT-1,0
GCGCACGACTTTAC-1,1
GCGCATCTAGGTCT-1,0
GCGCATCTGGTTAC-1,8
GCGCATCTTCGATG-1,0
GCGCATCTTGCTCC-1,5
GCGCATCTTTCTAC-1,0
GCGCGAACGTTCTT-1,2
GCGCGATGAACGGG-1,0
GCGCGATGGTGCAT-1,5
GCGGAGCTCCTGAA-1,0
GCGGCAACCCGATA-1,0
GCGGCAACGGAGGT-1,2
GCGGCAACTGTCGA-1,1
GCGTAAACACGGTT-1,7
GCGTAATGCACCAA-1,4
GCGTATGAACACCA-1,0
GCGTATGATGAGAA-1,1
GCTACAGAAAGGTA-1,0
GCTACAGAATCTTC-1,2
GCTACAGATCTTAC-1,0
GCTACCTGAGAAGT-1,1
GCTACCTGATCACG-1,0
GCTACGCTAGAATG-1,0
GCTACGCTAGCTAC-1,0
GCTACGCTCCCTAC-1,0
GCTAGAACAGAGGC-1,2
GCTAGAACGGATCT-1,0
GCTAGAACTCCCGT-1,0
GCTAGATGAGCTCA-1,1
GCTAGATGGCGATT-1,3
GCTATACTAAGGCG-1,0
GCTATACTAGCGTT-1,3
GCTATACTCTCTTA-1,0
GCTATACTGGACGA-1,0
GCTCAAGAACCATG-1,4
GCTCAAGAAGTCAC-1,4
GCTCAGCTGTCTAG-1,0
GCTCCATGAGAAGT-1,3
GCTCCATGCCGAAT-1,0
GCTCGACTCTAGTG-1,1
GCTGATGAGGTATC-1,1
GCTTAACTACAGTC-1,1
GCTTAACTACTGGT-1,3
GCTTAACTGCTGAT-1,0
GCTTAACTTAGACC-1,1
GCTTAACTTCAGTG-1,0
GGAACACTCACTTT-1,1
GGAACACTTCAGAC-1,8
GGAACTACTACTTC-1,0
GGAACTTGAAGGTA-1,1
GGAACTTGAGAATG-1,0
GGAACTTGCTCCAC-1,1
GGAACTTGGGTAGG-1,2
GGAAGGACATCGGT-1,1
GGAAGGACCACTAG-1,0
GGAAGGACGAGGGT-1,0
GGAAGGACGCGAAG-1,0
GGAAGGTGGCGAGA-1,5
GGAATCTGAAGGGC-1,0
GGAATCTGAGGAGC-1,0
GGAATCTGCTTAGG-1,2
GGAATCTGCTTGTT-1,1
GGAATCTGGGAGGT-1,0
GGAATGCTTTCTAC-1,0
GGACAGGAAAGGGC-1,3
GGACAGGAGTGCTA-1,2
GGACAGGATCTCGC-1,0
GGACCCGAAGCTAC-1,1
GGACCGTGCTTACT-1,1
GGACCGTGGGAACG-1,7
GGACCGTGTAACGC-1,0
GGACCTCTGTAAGA-1,1
GGACCTCTTTTCTG-1,3
GGACGAGAGTGTCA-1,1
GGACGCTGACGCAT-1,3
GGACGCTGCTAGCA-1,0
GGACGCTGTCCTCG-1,5
GGAGAGACGTGAGG-1,2
GGAGCAGATTCAGG-1,2
GGAGCCACCTTCTA-1,2
GGAGCGCTACGCAT-1,1
GGAGCGCTCCGAAT-1,0
GGAGGATGCCACCT-1,6
GGAGGATGGTTGAC-1,1
GGAGGATGTCAGTG-1,1
GGAGGCCTCGTTGA-1,5
GGAGGCCTTTCTTG-1,0
GGAGGTGATACGCA-1,0
GGAGGTGATCGCTC-1,0
GGATACTGCAGCTA-1,0
GGATACTGTCTAGG-1,0
GGATAGCTCGTCTC-1,0
GGATAGCTCTGAAC-1,3
GGATGTACCAAAGA-1,2
GGATGTACGCGAAG-1,0
GGATGTACGTCTTT-1,1
GGATGTACGTGTCA-1,3
GGATTTCTAGGTTC-1,0
GGATTTCTTTGTCT-1,1
GGCAAGGAAAAAGC-1,5
GGCAAGGAAGAAGT-1,0
GGCAAGGACTTGGA-1,1
GGCAAGGAGGACTT-1,0
GGCAATACGCTAAC-1,2
GGCAATACGGCATT-1,3
GGCAATACGTTTCT-1,2
GGCACGTGGCTTAG-1,4
GGCACGTGTGAGAA-1,9
GGCACTCTTTTGTC-1,0
GGCATATGCTTATC-1,5
GGCATATGGGGAGT-1,8
GGCATATGTGTGAC-1,9
GGCCACGACAGAGG-1,0
GGCCAGACTGGTTG-1,0
GGCCCAGAAAGTAG-1,1
GGCCGAACAACGAA-1,0
GGCCGAACGCAGAG-1,0
GGCCGAACGTAGGG-1,0
GGCCGAACTCTAGG-1,5
GGCCGATGCAGGAG-1,0
GGCCGATGCCGAAT-1,0
GGCCGATGTACTCT-1,3
GGCGACACTGCCCT-1,5
GGCGACTGCGTAAC-1,0
GGCGCATGCCTAAG-1,4
GGCGCATGCTCCAC-1,0
GGCGCATGTGGAAA-1,0
GGCGGACTAGAGGC-1,0
GGCGGACTAGGAGC-1,3
GGCGGACTCTGACA-1,0
GGCGGACTCTTGGA-1,3
GGCGGACTTACTGG-1,0
GGCGGACTTGAACC-1,0
GGCTAAACACCTGA-1,5
GGCTAAACTCTTAC-1,0
GGCTAATGAGCACT-1,3
GGCTAATGGTCTAG-1,0
GGCTCACTACTCAG-1,1
GGGAACGAAGCTCA-1,4
GGGAACGACACAAC-1,2
GGGAACGAGTGTCA-1,1
GGGAAGTGTTGAGC-1,1
GGGACCACACGTTG-1,3
GGGACCACAGAACA-1,0
GGGACCACGAATAG-1,0
GGGACCACGTCATG-1,0
GGGACCACTCAAGC-1,0
GGGACCACTCGTGA-1,0
GGGACCACTGCATG-1,0
GGGACCTGACCCTC-1,1
GGGACCTGCTTGCC-1,0
GGGACCTGTGGAGG-1,2
GGGATGGACGACAT-1,2
GGGATGGATACTTC-1,0
GGGATGGATGGTTG-1,1
GGGATTACGTCTAG-1,0
GGGCAAGATGCATG-1,1
GGGCACACGGTGAG-1,4
GGGCACACGTTGCA-1,0
GGGCAGCTTGGGAG-1,3
GGGCAGCTTTTCTG-1,0
GGGCCAACCTTGGA-1,7
GGGCCAACGCGTTA-1,2
GGGCCAACTACGCA-1,1
GGGCCAACTCCAAG-1,2
GGGCCATGATGGTC-1,3
GGGCCATGTTGACG-1,0
GGGTAACTCAGCTA-1,0
GGGTAACTCTAGTG-1,2
GGGTAACTCTGGAT-1,0
GGGTTAACGTGCAT-1,5
GGTAAAGAGCTAAC-1,3
GGTACAACTGCAAC-1,0
GGTACATGAAAGCA-1,2
GGTACATGAGCTCA-1,0
GGTACATGCGGTAT-1,0
GGTACATGGTTACG-1,0
GGTACATGTGGGAG-1,0
GGTACTGAACTCTT-1,1
GGTAGTACACCACA-1,3
GGTAGTACACTAGC-1,1
GGTAGTACCCTGTC-1,0
GGTAGTACGCCATA-1,1
GGTAGTACTGTCTT-1,3
GGTATCGAGACAAA-1,1
GGTATCGATGAACC-1,2
GGTCAAACCAAAGA-1,0
GGTCTAGAGAAACA-1,1
GGTCTAGATAGCGT-1,1
GGTGATACCGACTA-1,2
GGTGATACGACTAC-1,1
GGTGATACTGTTTC-1,0
GGTGGAGAAACGGG-1,5
GGTGGAGAAGTAGA-1,0
GGTGGAGACAGATC-1,5
GGTGGAGATCGATG-1,0
GGTGGAGATCTCTA-1,1
GGTGGAGATTACTC-1,3
GGTTTACTACGCAT-1,3
GTAACGTGACCTCC-1,1
GTAACGTGATCGGT-1,2
GTAACGTGCAGCTA-1,2
GTAACGTGGTTGAC-1,2
GTAAGCACAACGGG-1,0
GTAAGCACTCATTC-1,2
GTAAGCTGGTACCA-1,1
GTAATAACCTTCTA-1,1
GTAATAACGTTGTG-1,0
GTACCCTGACAGTC-1,4
GTACCCTGGAGCTT-1,0
GTACCCTGTCCTTA-1,3
GTACCCTGTGAACC-1,0
GTACGTGAACGTTG-1,3
GTACTTTGTCGACA-1,3
GTAGACTGAGATGA-1,1
GTAGACTGTATTCC-1,0
GTAGCAACAGTCGT-1,1
GTAGCAACCATTTC-1,2
GTAGCAACGGTAGG-1,1
GTAGCATGCACTCC-1,2
GTAGCATGTAAGCC-1,1
GTAGCCCTGACGTT-1,0
GTAGCTGAAGCTAC-1,4
GTAGCTGAATTCGG-1,0
GTAGGTACACGGGA-1,1
GTAGTGACCTCATT-1,0
GTAGTGTGAGCGGA-1,5
GTAGTGTGAGGCGA-1,1
GTAGTGTGTGGTTG-1,0
GTATCACTGGTAGG-1,1
GTATCTACAGAAGT-1,3
GTATCTACGACGAG-1,3
GTATCTACGTTACG-1,0
GTATTAGAAACAGA-1,0
GTATTAGAGGTCTA-1,0
GTATTCACACAGCT-1,0
GTATTCACGGGTGA-1,3
GTCAACGACACTGA-1,0
GTCAACGAGTGTAC-1,1
GTCAACGATCAGGT-1,3
GTCAATCTACACCA-1,3
GTCAATCTGTAGCT-1,3
GTCAATCTTGTGGT-1,0
GTCACCTGCCTCCA-1,0
GTCACCTGTCCCGT-1,0
GTCATACTAATCGC-1,2
GTCATACTGCGATT-1,3
GTCATACTTCGCCT-1,8
GTCATACTTTACCT-1,3
GTCATACTTTGACG-1,0
GTCCAAGAAAAACG-1,0
GTCCACTGACCTCC-1,0
GTCCACTGGGTACT-1,4
GTCCAGCTACGGGA-1,0
GTCCCATGTGGTGT-1,1
GTCGAATGAAGGCG-1,1
GTCGACCTGAATGA-1,5
GTCGACCTGTTCAG-1,0
GTCGCACTTGAGAA-1,2
GTCTAACTGGTCTA-1,4
GTCTAGGAGCTTCC-1,1
GTGAACACACTCTT-1,0
GTGAACACAGATCC-1,3
GTGAACACTCAGGT-1,0
GTGACCCTTAAGCC-1,3
GTGATGACAAGTGA-1,9
GTGATGACCTGAGT-1,2
GTGATGACGGTTTG-1,3
GTGATTCTCATTTC-1,0
GTGATTCTCTCTCG-1,1
GTGATTCTGGTTCA-1,3
GTGATTCTGTCGAT-1,0
GTGATTCTTAGCGT-1,2
GTGCCACTCAGGAG-1,0
GTGGATTGCACTAG-1,4
GTGGATTGCGGAGA-1,0
GTGGATTGTAACGC-1,0
GTGTACGATCAGTG-1,0
GTGTAGTGGGTACT-1,0
GTGTATCTAGCCTA-1,2
GTGTATCTAGTAGA-1,3
GTGTATCTGTTACG-1,2
GTGTCAGAAGCGTT-1,5
GTGTCAGAATGCTG-1,0
GTTAAAACCGAGAG-1,5
GTTAAAACTTCGCC-1,0
GTTAAATGCTCGAA-1,0
GTTAAATGTCGACA-1,2
GTTAACCTAGCTAC-1,0
GTTAACCTTGCTTT-1,7
GTTAGGTGCACTCC-1,0
GTTAGGTGCCAGTA-1,1
GTTAGGTGCCCAAA-1,4
GTTAGGTGGAACTC-1,2
GTTAGTCTAAGAAC-1,3
GTTATAGAGGACAG-1,0
GTTATGCTTTCATC-1,0
GTTCAACTGGGACA-1,5
GTTCAACTTATGCG-1,0
GTTGACGAGCCCTT-1,3
GTTGACGATATCGG-1,5
GTTGAGTGGTCTTT-1,1
GTTGAGTGTGCTTT-1,0
GTTGATCTGGGACA-1,6
GTTGATCTTTTCAC-1,3
GTTGGATGTTTACC-1,4
GTTGTACTATTCCT-1,1
GTTGTACTTTTGGG-1,0
GTTTAAGACCATGA-1,1
GTTTAAGACTGTCC-1,3
TAAACAACCAACCA-1,0
TAAACAACGAATCC-1,2
TAAAGACTCAGGAG-1,0
TAAATCGATGAGGG-1,0
TAACAATGTGCCCT-1,2
TAACACCTTCGCTC-1,1
TAACACCTTCGTAG-1,1
TAACACCTTGTTTC-1,8
TAACATGACACTAG-1,2
TAACCGGACTTACT-1,0
TAACGTCTCAACCA-1,1
TAACGTCTCATTGG-1,0
TAACTAGAATTTCC-1,0
TAACTAGACTTAGG-1,0
TAACTAGATCTGGA-1,0
TAACTCACGAGGAC-1,1
TAACTCACGTACAC-1,2
TAACTCACGTATCG-1,1
TAACTCACTCTACT-1,5
TAAGAACTGTGTCA-1,1
TAAGAGGACTAAGC-1,2
TAAGAGGACTTGTT-1,5
TAAGATACCCACAA-1,0
TAAGATACGGTTCA-1,1
TAAGATTGCGTAGT-1,0
TAAGATTGTTGCTT-1,0
TAAGCGTGAGGTTC-1,1
TAAGCGTGGACAAA-1,1
TAAGCGTGGGAAAT-1,0
TAAGCGTGTGCTCC-1,4
TAAGGCTGCCATGA-1,0
TAAGGCTGCTGCTC-1,0
TAAGGCTGTCTCGC-1,1
TAAGGGCTGCTGTA-1,0
TAAGGGCTTTACTC-1,0
TAAGTAACCGAGAG-1,2
TAAGTAACCTCCAC-1,2
TAAGTAACCTGTAG-1,0
TAAGTAACTTGTCT-1,0
TAATGATGAGCGGA-1,0
TAATGCCTCATGAC-1,0
TAATGCCTCGTCTC-1,5
TAATGTGAAGATGA-1,0
TAATGTGACTGCAA-1,1
TAATGTGATTACTC-1,3
TACAAATGGGTACT-1,0
TACAATGAAAACAG-1,1
TACAATGACTTAGG-1,3
TACAATGATGCTAG-1,3
TACACACTCACACA-1,0
TACACACTCTTACT-1,0
TACATAGAACGCAT-1,3
TACATCACACGGGA-1,0
TACATCACCTGTTT-1,4
TACATCACGCTAAC-1,2
TACATCACTGAACC-1,4
TACCATTGAGGTTC-1,0
TACCATTGCGGGAA-1,1
TACCATTGGGGATG-1,1
TACCATTGTGAGGG-1,1
TACCGGCTGTTGGT-1,0
TACGAGTGATCTCT-1,0
TACGAGTGATGCTG-1,4
TACGAGTGCGGAGA-1,0
TACGAGTGGTTGGT-1,0
TACGATCTAGTGTC-1,0
TACGATCTCACTGA-1,1
TACGATCTTACGAC-1,3
TACGCAGACGTCTC-1,2
TACGCAGAGAATCC-1,5
TACGCCACATTCCT-1,0
TACGCCACTCCCAC-1,4
TACGCCACTCCGAA-1,2
TACGCGCTCTTCTA-1,3
TACGGAACGCGTTA-1,2
TACGGCCTGGGACA-1,5
TACGGCCTGTCCTC-1,0
TACGTACTACGGAG-1,0
TACGTACTCAGTTG-1,0
TACGTACTCCCGTT-1,2
TACGTTACAGAAGT-1,0
TACGTTACCAAGCT-1,1
TACTAAGAAAGGTA-1,2
TACTAAGAATCACG-1,0
TACTAAGATGATGC-1,1
TACTAAGATTGCGA-1,0
TACTACACGAGAGC-1,0
TACTACACTTACCT-1,6
TACTACTGAACCTG-1,1
TACTACTGATGTCG-1,3
TACTACTGATTCTC-1,0
TACTACTGTATGGC-1,0
TACTCAACGGTCTA-1,1
TACTCAACTGCTAG-1,2
TACTCCCTCAGTTG-1,0
TACTCTGAATCGAC-1,5
TACTCTGACGAGTT-1,0
TACTCTGATTGACG-1,2
TACTGGGATCGATG-1,0
TACTGTTGAAAGCA-1,0
TACTGTTGAGGCGA-1,5
TACTGTTGCTGAAC-1,2
TACTTGACTCCTCG-1,3
TACTTGACTGGTGT-1,2
TACTTTCTTTTGGG-1,0
TAGAAACTAATCGC-1,0
TAGAAACTGCTTCC-1,1
TAGAAACTGGGATG-1,3
TAGAATTGCGACAT-1,0
TAGAATTGTATCGG-1,0
TAGACGTGCTTGAG-1,0
TAGACGTGTCGCTC-1,0
TAGAGCACCTTACT-1,2
TAGATTGACTTGTT-1,2
TAGATTGAGGCATT-1,3
TAGCATCTCAGCTA-1,5
TAGCATCTCCCTCA-1,0
TAGCATCTGCTGTA-1,4
TAGCATCTGGGACA-1,0
TAGCATCTTGTCGA-1,0
TAGCCCACAAAAGC-1,0
TAGCCCACAGCCAT-1,3
TAGCCCACAGCTAC-1,5
TAGCCCACCCACAA-1,6
TAGCCCTGCGGAGA-1,3
TAGCCGCTTACGAC-1,0
TAGCCGCTTACTTC-1,3
TAGCCGCTTTCCAT-1,1
TAGCTACTGAATAG-1,2
TAGCTACTGTAGCT-1,0
TAGCTACTTTTGCT-1,3
TAGGACTGTGCTGA-1,0
TAGGAGCTAAGGCG-1,2
TAGGAGCTGAGGGT-1,0
TAGGAGCTTGCATG-1,2
TAGGCAACCGTCTC-1,2
TAGGCATGCTCTCG-1,7
TAGGCATGGCGAGA-1,3
TAGGCTGATGCCTC-1,1
TAGGGACTGAACTC-1,3
TAGGTCGACACTGA-1,0
TAGGTCGAGGATCT-1,2
TAGGTGACACACTG-1,0
TAGGTGACACGTTG-1,2
TAGGTGTGTTCTGT-1,0
TAGGTTCTGAAGGC-1,0
TAGGTTCTTCTTAC-1,4
TAGGTTCTTGCTGA-1,1
TAGTAAACCTCGCT-1,0
TAGTAAACGTCACA-1,0
TAGTAATGAGATCC-1,0
TAGTACCTAAGAAC-1,1
TAGTATGATCTTAC-1,2
TAGTATGATTCTCA-1,0
TAGTCTTGGCTGTA-1,6
TAGTCTTGGGACTT-1,3
TAGTCTTGTGGAAA-1,3
TAGTGGTGAAGTGA-1,5
TAGTTAGAACCACA-1,5
TAGTTAGATGAACC-1,0
TATAAGACAACAGA-1,6
TATAAGACAGCTCA-1,4
TATAAGTGACACCA-1,4
TATAAGTGTATCGG-1,1
TATAAGTGTGGTGT-1,4
TATACAGAACCCTC-1,3
TATACAGAAGAACA-1,0
TATACAGATCCAGA-1,0
TATACCACCTGATG-1,2
TATACGCTACCAAC-1,0
TATAGATGGACGGA-1,0
TATAGATGTTCCGC-1,4
TATCACTGACTGTG-1,1
TATCCAACCAGCTA-1,1
TATCCAACTCTCTA-1,3
TATCGACTACTAGC-1,5
TATCGACTCGATAC-1,4
TATCGTACAGATGA-1,0
TATCGTACATTCCT-1,1
TATCTCGAGAGATA-1,6
TATCTGACAGGTTC-1,3
TATCTGACTGTTTC-1,3
TATCTTCTAAACAG-1,0
TATGAATGGAGGAC-1,5
TATGAATGTTTGCT-1,4
TATGCGGATAACCG-1,0
TATGGGTGCATCAG-1,5
TATGGGTGCTAGCA-1,2
TATGGTCTCTACCC-1,0
TATGTCACGGAACG-1,2
TATGTCACTAACCG-1,1
TATGTCACTTCTCA-1,2
TATGTGCTCCGATA-1,1
TATGTGCTGGATTC-1,0
TATTGCTGAAGAAC-1,1
TATTGCTGCCGTTC-1,0
TATTGCTGTCTGGA-1,0
TATTGCTGTGCACA-1,3
TATTTCCTATTGGC-1,1
TATTTCCTGGAGGT-1,3
TATTTCCTGGTGTT-1,0
TCAACACTGTTTGG-1,5
TCAAGGACAGCGTT-1,0
TCAAGGACATTCTC-1,3
TCAAGGACGGTGTT-1,1
TCAATCACACTCTT-1,3
TCAATCACAGTCGT-1,4
TCACAACTATGTGC-1,0
TCACAACTTTGCTT-1,1
TCACATACACTTTC-1,0
TCACATACAGGGTG-1,0
TCACCCGAGACGGA-1,1
TCACCGTGCTCGCT-1,4
TCACCTCTACGACT-1,3
TCACCTCTTCCAAG-1,4
TCACGAGAGGAGGT-1,2
TCACTATGGGGCAA-1,3
TCACTATGGTTGTG-1,2
TCAGACGACGCTAA-1,0
TCAGACGACGTTAG-1,5
TCAGAGACTCCAGA-1,0
TCAGCAGACTCCAC-1,0
TCAGCGCTCTAGTG-1,3
TCAGCGCTGGATCT-1,2
TCAGCGCTGGTATC-1,3
TCAGGATGAAGTAG-1,0
TCAGGATGCCTTTA-1,4
TCAGTGGAAGATCC-1,3
TCAGTTACCTACGA-1,1
TCAGTTACTAGAAG-1,0
TCATCAACCCGATA-1,0
TCATCAACTGTTCT-1,1
TCATCATGCAGTTG-1,0
TCATCCCTTACTGG-1,0
TCATTCGATACAGC-1,4
TCCACGTGGAAACA-1,0
TCCACTCTACACTG-1,0
TCCACTCTGAGCTT-1,1
TCCACTCTTACTTC-1,2
TCCATAACAAAGTG-1,0
TCCATAACCGTAGT-1,2
TCCATAACGATGAA-1,0
TCCATAACTACGCA-1,0
TCCATCCTCCCTAC-1,3
TCCCACGATCATTC-1,0
TCCCATCTCAAAGA-1,1
TCCCGAACACAGTC-1,5
TCCCGAACTTCGCC-1,4
TCCCGATGAGATCC-1,0
TCCCGATGCCTGAA-1,1
TCCCGATGCTGTGA-1,0
TCCCTACTCAACTG-1,2
TCCGAAGACAATCG-1,1
TCCGAAGACGTTAG-1,0
TCCGGACTGAGGTG-1,0
TCCGGACTGTACGT-1,3
TCCTAAACATCGAC-1,0
TCCTAAACCGAGAG-1,0
TCCTAAACCGCATA-1,5
TCCTAATGGTTTGG-1,3
TCCTACCTGTCGTA-1,0
TCCTATGAAAAGCA-1,3
TCGAATCTCTGGTA-1,3
TCGACCTGCCGATA-1,4
TCGACGCTTCTATC-1,1
TCGACGCTTTGACG-1,0
TCGAGAACGACAGG-1,0
TCGAGAACGTTAGC-1,0
TCGAGCCTATCAGC-1,2
TCGAGCCTGCGAGA-1,3
TCGAGCCTTGTGAC-1,0
TCGATACTATTCCT-1,0
TCGATACTTGCACA-1,0
TCGATTTGATGCCA-1,1
TCGATTTGCACTCC-1,0
TCGATTTGCAGCTA-1,5
TCGATTTGCCTACC-1,1
TCGATTTGTCGTGA-1,2
TCGCACACCATCAG-1,1
TCGCAGCTAGATCC-1,3
TCGCCATGAGACTC-1,0
TCGCCATGTGGTCA-1,2
TCGGACCTAACAGA-1,0
TCGGACCTATAAGG-1,2
TCGGACCTGTACAC-1,0
TCGGTAGAGTAGGG-1,0
TCGGTAGATCCCAC-1,2
TCGTAGGATCGACA-1,0
TCGTGAGAACTGTG-1,2
TCGTTATGGACAAA-1,0
TCTAACACCAGTTG-1,5
TCTAACACGAGCAG-1,7
TCTAACTGAACCAC-1,3
TCTAAGCTAATGCC-1,0
TCTAAGCTTAGTCG-1,3
TCTAAGCTTCTAGG-1,4
TCTAAGCTTGTTCT-1,1
TCTAAGCTTTCGCC-1,2
TCTACAACGACTAC-1,1
TCTAGACTTAGAAG-1,1
TCTAGTTGCACCAA-1,4
TCTATGTGAAGAGT-1,1
TCTATGTGAGTCTG-1,3
TCTCAAACCTAAGC-1,2
TCTCTAGAATTTCC-1,0
TCTGATACACGTGT-1,0
TCTGATACTCGCCT-1,0
TCTTACGAACCTGA-1,1
TCTTCAGAGCTACA-1,1
TCTTGATGCGGAGA-1,3
TGAAATTGGTGAGG-1,1
TGAACCGAAAACGA-1,0
TGAACCGACTACTT-1,4
TGAACCGATTCGGA-1,4
TGAAGCACTCACGA-1,3
TGAAGCTGAACGAA-1,0
TGAAGCTGAGACTC-1,6
TGAAGCTGCATGGT-1,2
TGAAGCTGCGTAAC-1,0
TGAATAACCACTTT-1,0
TGAATAACTCCCAC-1,3
TGACACGACCTTAT-1,2
TGACCAGACAACCA-1,0
TGACCAGAGGATTC-1,0
TGACCGCTAAAAGC-1,0
TGACCGCTCTGCAA-1,0
TGACGATGCAAAGA-1,1
TGACGCCTGTACCA-1,9
TGACGCCTTTACTC-1,0
TGACTGGAAGAGAT-1,1
TGACTGGACCGTAA-1,0
TGACTGGACGCAAT-1,0
TGACTGGAGGACAG-1,2
TGACTGGATTCTCA-1,0
TGACTTACACACCA-1,0
TGACTTACAGTCTG-1,1
TGACTTTGCGCATA-1,0
TGACTTTGTTTGTC-1,0
TGAGACACAAGGTA-1,0
TGAGACACTCAAGC-1,0
TGAGACACTGTGCA-1,0
TGAGCTGAATGCTG-1,4
TGAGCTGACTGGAT-1,1
TGAGCTGAGCGAGA-1,6
TGAGCTGATGCTAG-1,1
TGAGGACTCTCATT-1,1
TGAGGACTTCATTC-1,0
TGAGGTACGAACCT-1,4
TGAGTCGAGTTACG-1,2
TGAGTGACTGAGCT-1,0
TGATAAACGAATCC-1,0
TGATAAACTCCGTC-1,5
TGATAAACTTTCAC-1,0
TGATACCTCACTAG-1,1
TGATACCTGTTGGT-1,0
TGATACCTTATGCG-1,0
TGATACCTTGAAGA-1,0
TGATATGAACCTTT-1,0
TGATCACTAGCATC-1,3
TGATCACTCTCGCT-1,0
TGATCACTTCTACT-1,2
TGATCGGACTGACA-1,4
TGATCGGAGGAGCA-1,2
TGATCGGATATGCG-1,4
TGATTAGACATTGG-1,0
TGATTAGATGACTG-1,2
TGATTAGATGCTAG-1,0
TGATTCACTATGCG-1,6
TGATTCACTGTCAG-1,2
TGATTCTGCCGAAT-1,0
TGATTCTGCTCTTA-1,0
TGCAAGTGAGAACA-1,0
TGCAAGTGGGTAGG-1,1
TGCAATCTTCAGGT-1,7
TGCACAGACGACAT-1,5
TGCCAAGAGCAGTT-1,4
TGCCAAGATCTCTA-1,0
TGCCACTGAACGTC-1,0
TGCCACTGCGATAC-1,5
TGCCAGCTTGGCAT-1,0
TGCCCAACAGCAAA-1,0
TGCCCAACCGCATA-1,4
TGCCGACTCTCCCA-1,2
TGCGAAACAGTCAC-1,2
TGCGAAACGTTGCA-1,2
TGCGATGAACGGTT-1,0
TGCGATGACCTCGT-1,0
TGCGATGACTAGTG-1,2
TGCGATGACTGCTC-1,2
TGCGATGACTTGCC-1,2
TGCGATGAGTGCTA-1,1
TGCGCACTCTTGAG-1,1
TGCGTAGAATAAGG-1,1
TGCGTAGACGGGAA-1,2
TGCGTAGATGGTCA-1,4
TGCTAGGAAACCGT-1,3
TGCTAGGATAGTCG-1,0
TGCTATACGGTTCA-1,1
TGCTATACTGCTGA-1,3
TGCTGAGAGAGCAG-1,5
TGCTGAGATTATCC-1,0
TGGAAAGACTCTCG-1,2
TGGAAAGAGCGATT-1,0
TGGAAAGAGGTCAT-1,4
TGGAAAGATATGGC-1,0
TGGAACACAAACAG-1,5
TGGAACACGCTAAC-1,3
TGGAAGCTCAGATC-1,0
TGGACCCTACACTG-1,1
TGGACCCTCATGGT-1,3
TGGACCCTGGTACT-1,4
TGGACTGAGTATGC-1,0
TGGAGACTATCAGC-1,1
TGGAGACTGAAACA-1,6
TGGAGACTTCAAGC-1,0
TGGAGACTTGACCA-1,3
TGGAGGGACGGAGA-1,1
TGGAGGGAGCTATG-1,6
TGGATCGATAAAGG-1,0
TGGATGTGACCTAG-1,2
TGGATGTGATGTCG-1,3
TGGATGTGTGAAGA-1,2
TGGATTCTCATACG-1,3
TGGCAATGCTTGTT-1,2
TGGCAATGGAGGGT-1,3
TGGCACCTTCACGA-1,6
TGGCACCTTCAGTG-1,1
TGGGTATGAAGAGT-1,0
TGGGTATGCACAAC-1,0
TGGGTATGGTACGT-1,2
TGGGTATGTTTGGG-1,1
TGGTAGACATGCCA-1,3
TGGTAGACCCTCAC-1,5
TGGTAGACCTGATG-1,0
TGGTAGTGCACTGA-1,1
TGGTATCTAAACAG-1,0
TGGTATCTCTTCCG-1,0
TGGTCAGACCCAAA-1,0
TGGTCAGACCGTTC-1,5
TGGTTACTGACGTT-1,1
TGGTTACTGTTCTT-1,0
TGTAACCTAGAGGC-1,0
TGTAACCTTGCCTC-1,1
TGTAATGACACAAC-1,5
TGTAATGAGGTAAA-1,5
TGTACTTGCTCTAT-1,4
TGTAGGTGCGAGAG-1,2
TGTAGGTGCTATGG-1,0
TGTAGGTGCTCTAT-1,7
TGTAGGTGTGCTGA-1,0
TGTAGTCTTCCAGA-1,0
TGTAGTCTTGCACA-1,3
TGTATCTGTTAGGC-1,0
TGTATGCTCATGGT-1,2
TGTATGCTGTAGGG-1,0
TGTATGCTTTCATC-1,0
TGTCAGGAATACCG-1,0
TGTCAGGAGATGAA-1,4
TGTCTAACCCCTTG-1,0
TGTGACGATTCTCA-1,3
TGTGAGACTGTCAG-1,4
TGTGAGACTTGAGC-1,0
TGTGAGTGACCACA-1,0
TGTGAGTGAGTGCT-1,4
TGTGAGTGGAGATA-1,3
TGTGATCTCTCTAT-1,2
TGTGATCTGACACT-1,6
TGTGGATGGCCAAT-1,2
TGTTAAGACAAAGA-1,1
TGTTAAGATAAGGA-1,1
TGTTAAGATTGGCA-1,1
TGTTACACCGCATA-1,4
TGTTACACGACTAC-1,4
TGTTACTGGCTACA-1,3
TGTTACTGTAGTCG-1,3
TTAACCACCGTAAC-1,0
TTAACCACTAAGGA-1,3
TTAACCACTCAGAC-1,3
TTACACACGTGTTG-1,0
TTACACACTCCTAT-1,0
TTACCATGAATCGC-1,1
TTACCATGGTTGAC-1,0
TTACCATGTGTCTT-1,0
TTACCATGTTGTGG-1,2
TTACGACTGAGAGC-1,0
TTACGACTTGACAC-1,1
TTACGTACGTTCAG-1,8
TTACTCGAACGTTG-1,9
TTACTCGAAGAATG-1,1
TTACTCGACGCAAT-1,7
TTACTCGAGGGTGA-1,0
TTACTCGATCTACT-1,5
TTAGAATGTGGTGT-1,0
TTAGAATGTGTAGC-1,6
TTAGACCTCCTACC-1,0
TTAGACCTCCTTTA-1,1
TTAGCTACAACCGT-1,0
TTAGCTACTGTCCC-1,1
TTAGCTACTTTCGT-1,0
TTAGGGACGCGAAG-1,3
TTAGGGTGCTGGAT-1,2
TTAGGGTGTCCTGC-1,1
TTAGGTCTACTTTC-1,1
TTAGTCACCAGTTG-1,0
TTAGTCTGAAAGCA-1,2
TTAGTCTGCCAACA-1,5
TTAGTCTGTGCACA-1,0
TTATCCGACTAGTG-1,2
TTATCCGAGAAAGT-1,4
TTATGAGAGATAAG-1,6
TTATGCACGTCACA-1,2
TTATGGCTTATGGC-1,7
TTATTCCTATGCTG-1,1
TTATTCCTGGACAG-1,2
TTATTCCTGGTACT-1,2
TTATTCCTTCGTGA-1,0
TTCAAAGATAAAGG-1,3
TTCAACACAACAGA-1,0
TTCAACACCCCAAA-1,1
TTCAACACGGACGA-1,4
TTCAAGCTAAGAAC-1,1
TTCAAGCTAGATGA-1,0
TTCAAGCTGTTGAC-1,0
TTCAAGCTTCCAAG-1,6
TTCAAGCTTGATGC-1,0
TTCAAGCTTTCGCC-1,0
TTCACAACCCGTTC-1,1
TTCACAACGTCTGA-1,4
TTCAGACTACCCAA-1,6
TTCAGACTCTCGAA-1,0
TTCAGTACCGACTA-1,0
TTCAGTACTCAAGC-1,0
TTCAGTACTCCTAT-1,1
TTCAGTTGCCAAGT-1,0
TTCAGTTGTCCTTA-1,1
TTCAGTTGTCTAGG-1,0
TTCAGTTGTCTCGC-1,2
TTCATCGAGGTGGA-1,1
TTCATGTGTGGTGT-1,0
TTCATTCTATGTCG-1,1
TTCATTCTTCTCTA-1,0
TTCCAAACCTATGG-1,1
TTCCAAACCTCCCA-1,2
TTCCAAACTCCCAC-1,5
TTCCAAACTTGACG-1,3
TTCCATGACGAGAG-1,1
TTCCATGACTGTCC-1,6
TTCCCACTTGAGGG-1,5
TTCCCACTTGTCTT-1,1
TTCCTAGAAAGTGA-1,0
TTCCTAGACTAGTG-1,4
TTCGAGGACTCTAT-1,0
TTCGAGGAGGGCAA-1,0
TTCGAGGATAGAAG-1,4
TTCGATTGAGCATC-1,0
TTCGGAGAATGCCA-1,1
TTCGGAGATGTGCA-1,0
TTCGTATGAAAAGC-1,3
TTCGTATGGATAGA-1,3
TTCGTATGGTCTGA-1,0
TTCGTATGTCCTTA-1,1
TTCTACGAACGTAC-1,0
TTCTACGAGTTGGT-1,0
TTCTAGTGACACGT-1,0
TTCTAGTGCATGAC-1,1
TTCTAGTGGAGAGC-1,5
TTCTAGTGGTCACA-1,4
TTCTCAGAAGAGAT-1,0
TTCTCAGAAGCATC-1,2
TTCTCAGATGGAGG-1,0
TTCTGATGGAGACG-1,5
TTCTTACTCTGGAT-1,4
TTGAACCTCCTTGC-1,2
TTGAATGAACTACG-1,4
TTGAATGACTTACT-1,0
TTGAATGATCTCAT-1,2
TTGACACTCTGTAG-1,0
TTGACACTGATAAG-1,2
TTGAGGACAGAACA-1,1
TTGAGGACTACGCA-1,7
TTGAGGTGGACGGA-1,0
TTGCATTGAGCTAC-1,3
TTGCATTGCTAAGC-1,1
TTGCATTGTGACTG-1,0
TTGCTAACACCAAC-1,3
TTGCTAACACGCTA-1,4
TTGCTAACCACTCC-1,0
TTGCTATGGTACGT-1,1
TTGCTATGGTAGGG-1,4
TTGGAGACCAATCG-1,0
TTGGAGACGCTATG-1,1
TTGGAGACTATGGC-1,2
TTGGGAACTGAACC-1,0
TTGGTACTACTGGT-1,1
TTGGTACTCTTAGG-1,0
TTGGTACTGAATCC-1,2
TTGGTACTGGATTC-1,2
TTGTACACGTTGTG-1,2
TTGTACACTTGCAG-1,0
TTGTAGCTAGCTCA-1,0
TTGTAGCTCTCTTA-1,2
TTGTCATGGACGGA-1,5
TTTAGAGATCCTCG-1,2
TTTAGCTGATACCG-1,0
TTTAGCTGGATACC-1,1
TTTAGCTGTACTCT-1,7
TTTAGGCTCCTTTA-1,1
TTTATCCTGTTGTG-1,4
TTTCACGAGGTTCA-1,0
TTTCAGTGGAAGGC-1,3
TTTCAGTGTCACGA-1,2
TTTCAGTGTCTATC-1,1
TTTCAGTGTGCAGT-1,2
TTTCCAGAGGTGAG-1,0
TTTCGAACACCTGA-1,7
TTTCGAACTCTCAT-1,1
TTTCTACTGAGGCA-1,2
TTTCTACTTCCTCG-1,2
TTTGCATGAGAGGC-1,2
TTTGCATGCCTCAC-1,0
